1.085196961291398782e-01,-2.566593156001981124e-01,-2.950327903005298125e-01,1.306775868786859141e-01,-1.171414326405920414e-01,-3.972995826700450039e-01,-5.590885897873682647e-02,-1.670288878883378625e-01,-1.328941422272860162e-01,-7.302770631664520784e-02,-3.373445789546788975e-01,9.043589384896799643e-03,1.864822978915432194e-01,1.678178191714362055e-01,-1.801057280545164951e-01,-1.371461713899937152e-01,-2.733806772607512148e-01,-1.929130923664291730e-01,4.162522991839213149e-01,4.577851814771065342e-02,1.847740505207628170e-01,1.470005242834928338e-01,4.298262570004548477e-01,-2.759566527204998510e-01,-5.792533701837496718e-01,2.316094885453031868e-02,-7.442802639811748611e-01,-3.366782777808717542e-02,-9.772730490681345861e-02,-1.687994303478238811e-01,7.589011147718498218e-02,-9.844431101983039389e-02,-1.317583692361942449e-01,-2.703614289732913512e-01,2.308309276115050601e-01,1.234958837882600691e-01,-9.655927495009161698e-02,1.051532460762208132e-01,1.929239859504745247e-01,1.669072776535888980e-01,-3.568245993149879447e-01,-1.172602549973704444e-01,-6.281965511806093805e-02,-1.481397946831190526e-01,1.598683444915767748e-01,1.945023420136584857e-01,-2.366004853281512138e-02,-1.226735932604617607e-01,4.699748563137771951e-02,-2.152722978605665360e-01,4.460281478067159439e-02,-1.866721780998848281e-03,4.347606140339760339e-02,-2.917897307408370833e-02,1.852082636847080799e-01,1.420199562353617329e-01,3.707885395482373170e-01,8.231479027515695157e-02,1.883720809423579390e-01,-1.801016425015658506e-01,3.879142219001046055e-01,-1.766669489941952997e-01,8.485734553638324407e-02,1.176993248059395175e-01,-2.106695078366190577e-01,1.511795749830199265e-01,-1.411450876185782986e-02,1.033088109304050733e-01,-3.232294314023865245e-01,-2.696346702806472484e-01,-1.117931053575204059e-01,4.631748018097209263e-01,-1.343231235711151716e-01,3.247643458509196224e-01,3.259309638615699445e-01,5.669709298046372581e-01,4.152427461363700778e-01,1.854314372974109337e-01,-3.434589456836342203e-01,-1.704929272461479794e-01,7.349600632072965378e-02,3.220692475298944091e-01,-1.340373231842403867e-01,2.586837031997689107e-01,1.582323102551189409e-01,1.255978758079754065e-01,2.718832192248603619e-01,2.223812799460870848e-01,-3.415356352576531807e-01,-2.252276961759030333e-02,1.608905891880583472e-01,-2.977670204404372356e-01,2.155865199503356477e-01,-1.786266694616607809e-01,1.916279137944821021e-01,3.298853730125751449e-01,-3.604815241152226069e-02,1.465274733006113328e-01,-6.044438159555606122e-02,-1.595651096764546251e-01,-1.386577114955448442e-01,-1.191528011711887047e-01,4.699582627388091544e-02,1.319523827446670849e-01,-7.161728308051913683e-02,-1.551334356523802020e-02,-1.621700543248488224e-01,-2.006360102982741866e-01,1.446029233650923396e-01,1.245825384499887611e-01,-1.953641890538277970e-01,4.219500224865539717e-02,5.594190637484911521e-01,2.052528204548977400e-02,4.726586651024040214e-02,-2.213088132230393301e-01,8.507369896950008059e-02,-5.310602877696115609e-01,-1.037380035392194005e-01,-6.702848104034002386e-02
-2.367186635229877670e-02,-1.236027153226331443e-01,7.542196320009093846e-02,-2.847218497727835307e-01,1.209145440076319356e-01,4.838202677931895956e-01,2.482117462072984046e-02,8.081758068564891262e-02,-3.646712181129543873e-01,-5.165817075470827691e-01,5.201001031747831682e-02,4.143596455461159289e-01,1.677471370365802295e-01,2.521628799737621329e-02,3.923125204601340399e-01,-1.019135073911465184e-01,-4.925964310014320779e-01,6.061342045762628528e-02,-1.939223430149326910e-01,-2.466904406721573129e-01,-2.597637998423094619e-01,-1.940637142959217853e-01,1.537000480072382436e-01,2.602648403899375518e-02,3.272002495098917385e-01,1.326386235015832860e-01,-2.559663861336194390e-01,-2.805248651076595184e-03,1.146053116165699493e-01,-4.787710430328827038e-01,-6.918788386552930658e-02,-1.190193687187268146e-01,2.494962871976095231e-01,3.420092571446525787e-01,2.310066654500758931e-01,1.921994805001061568e-01,9.217437993035242777e-03,7.406015996203285656e-02,1.365913102379292809e-01,2.273217642929469262e-01,-1.492764803097645920e-01,-6.604204614649153982e-01,3.467294869171543698e-02,1.881214398620043304e-01,-1.734670152778097080e-02,2.301705771199689110e-01,-2.284115616331627852e-01,3.560320074053941464e-01,-3.063693694310552496e-01,-1.677269322607969071e-01,3.934238725700200077e-03,1.495321053475652806e-01,-6.628191866811894428e-02,5.830991890818348206e-02,-2.379926256751614400e-01,9.482126580146270356e-02,1.518970224309199035e-01,2.525789116170911730e-01,3.334461013735477430e-01,-1.081303740764072516e-03,6.270010580521963306e-03,-3.496379380738194320e-01,-4.118042289345323625e-02,9.028951670327450829e-02,-3.066991038315606058e-02,-5.651204787550998532e-01,3.947066888774145021e-02,1.536479327682478968e-01,2.415046001305139189e-01,1.752405095787445966e-01,-8.058875883497565451e-02,2.413753656779003276e-01,1.458186811568314423e-01,-3.252784300836848025e-02,2.338459478041340078e-01,-5.872388938072000686e-01,1.060230021793346494e-02,1.329557442381431864e-01,3.155468702115269419e-01,2.851056093104050171e-01,2.264204723738754421e-01,-2.929181744975229984e-01,1.598271610648298591e-01,2.851765484550559671e-01,-4.822048557044756878e-01,3.150665621847156816e-01,-2.322989368154961265e-01,-6.104676239330288912e-01,1.549197758387564905e-01,-2.567344851926068108e-02,7.771360220095772930e-02,4.019754936369780707e-02,-2.541326277067134654e-01,-1.871207524389731369e-02,-1.465748767341619463e-01,-1.995181244575713886e-01,-1.349054932057103806e-01,2.407338509718875419e-01,6.464114751212887700e-02,6.561256335300834353e-02,-2.227115477367302143e-01,-3.365178938014832810e-01,3.450713268160678915e-01,-2.446327723250020514e-01,5.895616220672700303e-02,-2.264947879947324938e-01,-8.168439255912650354e-02,-4.913054916476880529e-01,1.293323311513409068e-01,-6.144856253560116582e-02,-5.817263882929384067e-02,4.743660081981931897e-02,3.616135991688257389e-01,3.858627639685804217e-02,-2.431257975620793044e-01,-4.417015831795621517e-01,-1.709351052542908977e-01,-7.940648388877982744e-02,2.848106652941511177e-02,-1.714958599094331959e-01
-3.292497263818325859e-01,2.605711368932609462e-01,1.886458931102103220e-01,-1.315098565633952554e-01,1.397571332229152752e-01,3.218028863550862623e-02,-2.682163581628752014e-01,-1.754577186510332121e-01,3.011493054220103494e-01,-6.469822193978755354e-02,-4.720311287418899743e-02,1.353347753126015254e-02,1.324857492001635662e-01,1.606686673861791315e-01,2.807795688280078084e-01,-2.481663501266897220e-01,2.373102215953215577e-01,-7.376061758001664637e-02,-4.179181659848273389e-01,2.612305532878161363e-01,3.920885666888354049e-01,-8.088784320425641827e-02,-2.829032541672476392e-02,4.023325158577024663e-01,-5.080903103983591684e-01,-1.199900727914753884e-01,2.350408097162062782e-01,1.174159171669934970e-01,-4.189156145058180181e-02,7.844047416146181229e-02,-1.203491056611060567e-01,-2.951148197977284185e-02,2.390813468511904585e-02,-6.172456107376082107e-02,5.712323671324964769e-01,3.451807388573407409e-01,-4.349636036064548628e-01,1.345495478121516014e-02,-3.419264802814490078e-01,-3.091969839509270956e-01,5.911416472381117448e-02,-2.894546030193931863e-01,2.747910859117545512e-01,-1.311131515953806170e-01,2.924194602583162633e-02,-9.757013830747301997e-02,-1.326905322378560126e-01,1.216913606735149644e-01,3.773888438457566608e-01,-1.335784370463071191e-01,2.116151210822157791e-01,1.427420786627236204e-01,-1.735743418886749601e-01,-2.223193052716086748e-01,1.918477559622122353e-01,-4.297276886033060128e-01,-3.414583756207118515e-01,-3.795633755420417532e-02,-1.947951178426083618e-01,-2.435067396865358280e-01,-1.456544016037571720e-01,1.151916265186838512e-01,-5.494327066249596325e-02,-3.045910001178072091e-01,-5.449935674246507711e-01,-2.592667937151376667e-01,-2.340682797413592975e-02,-1.551674348384285418e-01,1.356740710738889577e-01,-2.416657743868116937e-01,1.748518999266029661e-01,3.534576731024701157e-01,2.902514064081662681e-01,-3.086554263740349385e-02,-9.201631262389331489e-01,-3.617270621402018937e-01,-6.345048123411038687e-02,-3.678716391741234659e-01,1.379634500008376785e-01,2.162272037323560436e-01,1.196300412380182053e-02,-1.134850142835964332e-01,-5.254822724336052353e-01,-6.657994535335710895e-02,-9.004780867383148368e-02,-2.903439450620310947e-01,2.051673195539745753e-01,-1.823451429271893964e-01,6.707032778316548982e-02,-1.699769704750110633e-01,1.866745832068986422e-01,-1.387663586088324075e-01,-6.699761353202002279e-02,-3.679226054533668022e-01,5.178896135580258742e-01,4.233454618812923509e-01,3.041714902818287714e-01,3.226465615672864939e-01,5.622813487256913545e-01,2.949111197870970535e-01,-3.541764367231052812e-01,7.202170771792903992e-02,4.425883194381645402e-02,2.418967181830700697e-01,-2.344898779901621599e-01,1.271366029103947193e-01,7.292106949185267473e-02,2.342050294610674988e-01,3.873635134941387503e-02,2.392696986295177186e-01,-1.374014377412842991e-01,3.014443004050032515e-02,-3.851414789122797333e-01,1.697842395228405521e-01,7.717652882970965633e-02,2.065619594093972000e-01,-2.665442058956771776e-01,-5.491276550202427442e-01,2.955455925637421322e-01,4.657638135736014845e-02
-3.352770257799880804e-02,-3.345632803440258263e-01,2.763142723572282744e-01,4.133581968629620462e-01,-3.733111975335778876e-02,-1.717880664117367451e-02,5.402838423710936144e-01,1.505247124334836428e-01,1.333376920090311446e-01,-2.716506408880986836e-02,9.329250252646928421e-02,2.571302562043670248e-01,-4.998860387351818785e-02,4.930526713694131646e-01,-2.698393897102310812e-01,-9.606123092216201087e-02,1.517036098484430828e-01,4.580713519612587131e-02,4.167910822323944164e-01,9.264234760684930681e-02,1.351913378896661411e-01,1.042650971989951027e-02,1.269170436180070138e-01,2.657543803696938434e-01,-1.323223554777532562e-01,-2.326323920842571225e-01,-1.456510213226606676e-01,3.354263577929078588e-01,-4.435274384313923207e-02,2.731395765458116132e-01,-9.095836399590055427e-04,8.502693417320376923e-02,2.571487956349419735e-01,2.285449662984620767e-01,1.627256954303062109e-01,5.520183961472256706e-02,2.914239560583881117e-01,-2.948532934320778967e-02,2.629849423405785092e-01,1.619749908172591624e-01,-2.623535656630889279e-01,-2.858865145840784328e-01,2.368881915434581653e-01,4.405658382216118274e-01,5.424791274687564835e-01,1.127130840893889388e-02,-1.992051290949915510e-01,-2.168412616954248917e-02,-3.045530260798598454e-01,-4.001828920624814767e-01,-1.000663064834007299e-01,7.801032507743979605e-02,3.308649648740762117e-02,-2.244773585064872845e-02,-4.173414234312610577e-02,-2.931933870397122055e-01,6.411870626431385167e-01,-1.706870464081462480e-01,-1.871553388094223391e-01,1.279344341269640639e-01,1.041123060198844291e-01,-4.455533549627187923e-02,-1.941732250308416674e-01,1.452686629418749875e-01,5.106490867787069621e-02,-1.430078660590662631e-01,1.318847805177497841e-02,3.229588219378750069e-01,-3.267213193975508911e-01,-8.064848486562671559e-02,-1.611962353161963124e-01,5.397046630691468838e-01,-2.066944258629687114e-01,-1.601516324304669003e-01,-1.119115239981784693e-01,3.789583607035175716e-01,5.314844417842022883e-01,9.920095044733949485e-02,3.760849679109579680e-01,3.092846189261090339e-01,3.099654566132858391e-01,9.012655846235566315e-02,6.674668920196218103e-02,-1.205263150623315377e-01,2.195460904979261163e-01,1.937847920367139279e-02,1.565241058975432586e-01,1.724593521810411645e-01,-2.250557336821758792e-01,-1.762457931339498352e-01,1.119729208013458266e-01,-2.008106914121264019e-01,-1.166672932858010270e-01,-7.335695182752111076e-02,-6.168842187308033465e-01,-1.459596555567881093e-01,3.472636519588657988e-02,-8.857384261518894131e-02,-2.160627945909370518e-01,2.271028660569920365e-01,3.996993544517715713e-01,-3.167476946621805567e-01,1.963816873066344393e-02,1.703691370860956344e-01,-3.269953417940165696e-01,2.440025721233757550e-01,2.946376576740027953e-01,2.997394341506273152e-01,1.259172663039052342e-01,-1.638648048246898747e-01,3.915522246462869171e-01,6.455938284161353291e-01,3.995718847095484222e-02,-1.502480811188572352e-01,-1.643605857092275968e-01,-7.845731226429623895e-02,1.246510225946989570e-01,-1.480775684797814261e-02,-3.496808741202249160e-01,-1.516191316594213967e-01
1.110858830357539795e-01,5.914503123456542333e-02,6.008728514978949331e-01,-3.758263920908863076e-01,-7.971949948525279550e-02,1.337814715065288040e-01,-2.279773373639716605e-01,-3.486599154247481125e-01,-3.138997244234447703e-01,-1.757137640866612283e-01,-8.019304401614882338e-02,1.274853558363785444e-01,-3.000682077608028409e-01,-2.715024461263652045e-01,1.188109205647338990e-01,1.318134958624152808e-01,1.118887083338167138e-01,4.592335995017631789e-01,-1.949405173143825831e-01,-9.322257568670791472e-02,1.642414344082099298e-01,1.681023838533277082e-02,-2.159536469924680513e-01,5.326313808609571820e-01,4.733118759428141531e-01,1.300910107858562481e-01,-2.290136945001468582e-01,-1.430706517908570674e-01,3.776392005326183465e-01,1.943926452111796321e-01,2.443929797528726910e-01,2.862117213033363305e-02,2.784285716896189519e-02,3.686183409079373252e-01,-2.835479670611397718e-01,1.063787675024309154e-01,6.898607057721698466e-01,1.475361392469029531e-02,-1.448556232546323597e-01,1.617430978188957869e-01,-1.755368806281127347e-01,3.037334703597608376e-01,1.540272403810116764e-01,4.099018350587829707e-01,1.598412777715560451e-01,-1.218633504668854284e-01,1.828950948839269675e-01,-6.652446614793193491e-02,-1.998164588804246522e-01,1.360740876041696169e-02,1.563062121693752915e-01,4.374088619684497053e-02,-1.565306506733402936e-01,1.289727350119108384e-01,1.531783252669832174e-01,6.075716332250105656e-02,-3.162722480578747941e-01,-2.019585514220668954e-01,7.383366928651106942e-02,-1.429832630450653119e-01,1.266411608028165936e-02,3.435421788843372459e-01,-1.247334239914625470e-01,-5.759775648602760700e-01,-8.083731674297969794e-02,2.220160015743635751e-02,9.933435136046150915e-02,2.243525240493716155e-01,-1.892180366637824518e-01,3.238887087521130081e-01,2.346185521334336332e-01,-8.207155452185727063e-02,4.325547480769240116e-01,7.499913768471712892e-04,3.804398065513858174e-01,3.269661327732421158e-02,-3.104734081348136665e-01,6.271741990783564757e-01,5.015239087982213684e-02,-1.248102587301330724e-01,1.949073795448912072e-01,-7.112724909622697433e-02,-1.902227351161918933e-01,-4.118807070747147470e-01,1.384162152070671226e-01,-1.883744955734922011e-01,-2.107875097554333388e-02,5.491212319089901206e-02,2.997971900958567026e-01,3.391616829464966787e-01,-2.596112941910311833e-01,-2.555585161020991480e-02,8.072543919663954792e-02,-2.772016419059495362e-01,-1.671587226146577509e-01,-2.784219239899517195e-02,5.249697308453804556e-02,9.503009636408348004e-02,-2.449799629275920265e-01,-6.371483542842243386e-02,-2.142382405816422863e-01,-3.011439877630525119e-01,-1.829382885100870049e-01,-2.796442886366841685e-01,-1.382256738117354777e-01,-2.512234407074055431e-01,-5.251895500981369758e-02,1.568082150146850040e-01,-1.453741075922729831e-01,1.158611720701343828e-01,7.431547343163867614e-02,2.859577041347665105e-01,-2.066820148102868349e-01,-2.936521050702085023e-01,5.403254281051812491e-01,-4.856833906022649944e-02,8.667190355029404103e-02,-3.140888879480999152e-01,-7.914836265951848138e-02,-1.081128048243328588e-01
-2.675584397454390806e-01,-3.392320827388424775e-01,1.065921987272582527e-01,-2.019970019071120615e-01,2.027173712381686449e-02,-1.217574404520064060e-02,1.487298554224134595e-01,-7.178600457404291091e-02,2.562278358199575612e-01,8.902633182884228669e-02,1.973549114397457338e-01,-1.114983220266863029e-01,3.969849129672582966e-01,7.924408811136421371e-02,-5.500113451982624468e-02,4.032427866378757719e-01,2.998902359774936466e-01,3.803682683695978617e-01,-1.140214150261140286e-01,-2.936245741759134151e-02,3.463298791217924166e-01,-9.817018388378617733e-02,-4.425482560678512534e-01,1.209953718464096689e-01,-4.266121088385086968e-01,9.221150076723012845e-02,1.492129259435437394e-01,1.695351915138156307e-01,-3.691654250802144099e-02,-3.598992503395051501e-01,-2.853181194861365011e-01,-4.287293408942401823e-02,3.714305710356746726e-01,2.089336555879210341e-02,-1.296328010650121543e-01,-5.079180183587584350e-03,-3.597436924851937778e-01,3.689563873520083637e-01,-4.157860630126140600e-01,-2.002889697136157054e-01,2.950448751892932875e-01,-1.094924131449731136e-01,3.897617156927719873e-02,3.049564176874087762e-01,4.194740146583216672e-02,2.561700852316763366e-01,7.378071970894689580e-02,1.911763291286827648e-01,4.150221835302307927e-01,1.630303816013347062e-01,-2.230286653969004718e-01,2.783976012285521717e-01,-1.735576169492897558e-01,7.949387229289192613e-02,2.830393337420425426e-01,-1.698959775222089533e-02,-3.772221350637777748e-01,3.934612927125371584e-01,-1.454648927433799532e-01,-3.099468331445441871e-01,9.034429409211697237e-02,-2.150694291323090035e-01,-4.886763686232169224e-02,2.632313953867471395e-03,2.670386974504222466e-01,3.067128878254276603e-01,-4.374765820543416450e-02,-6.659045607833133373e-02,1.804378776237759163e-01,-2.242948209515500946e-01,-1.950312240613618492e-02,1.490864490551177535e-02,3.919913240917612396e-01,1.327489274510715855e-01,3.819940302730064768e-02,-5.325234368347945280e-01,-1.279196963305497536e-01,-4.277554223699079339e-01,3.768417619797767015e-01,2.177414024250492464e-01,-2.698695661234631338e-01,4.855983062981645421e-02,-3.863554654290581314e-01,-1.648579151513900401e-02,-1.866910425850054969e-02,4.164150297636058373e-01,-3.588421537068410827e-01,1.702516950399715068e-01,-2.071656321045473731e-02,-1.713310031854832216e-01,3.799058472607472203e-01,-9.022333243510528844e-02,2.558985486062800851e-01,2.326387459685099190e-01,-2.401096939585735945e-01,2.555743281348585860e-01,-1.756361602319236603e-01,-6.740084066787675743e-02,1.254934248399140057e-02,3.880312815730597720e-01,-2.145998178492582731e-01,1.050190620696099530e-01,-3.350199131356341314e-02,5.597782194452430304e-02,1.711875276232919796e-01,-2.865612540749682413e-01,7.912745024450996978e-02,1.844220722679318081e-01,-3.971285010450668063e-01,1.980818222015825192e-01,4.522327768822843597e-01,1.071164012135274318e-01,-2.601659316585015480e-01,3.479732496413713572e-02,2.656270829520969157e-01,-5.350796430170745577e-02,2.951256176887033789e-01,-2.486304666330023949e-01,-2.295812933712516601e-01,2.092446085748119466e-01
-3.496295497810883446e-02,-3.133645178381593843e-01,-3.823084448842969333e-03,-6.307872729738550621e-01,-2.083615994190450849e-01,2.063348342928898460e-01,-2.996286117708341773e-02,5.473382457702572479e-01,2.397761004695868059e-01,-3.029002008759299480e-01,-3.447646447587874308e-01,1.255395298498714340e-01,4.087337061621476586e-01,-1.814026029279377783e-01,-9.845921694225669152e-02,3.443596560334046264e-01,-2.256033596342495728e-01,4.326113535457148940e-01,-8.694197842428029455e-02,-1.415450245094232451e-01,-1.350566003737942167e-01,1.889140062987370444e-02,-5.079830611138482777e-01,-4.627578193176516419e-01,3.984533754726938826e-01,1.762402011105854704e-01,-1.477495453315227636e-01,2.029358931912129405e-01,-2.715624386836365534e-01,3.834107295049425934e-01,5.574829454668677187e-01,4.385907943113177138e-02,1.013915561235441548e-01,-1.980152437381434427e-01,4.464274661180244602e-02,-9.135933980888079342e-02,3.807518176702778118e-02,-4.259891277419864952e-01,2.185017344735114830e-01,-1.938887606673507513e-01,3.567142673755349658e-01,4.396164041888156460e-02,-5.655117996863789909e-01,8.773418956748640224e-03,-1.393693972050039642e-01,-3.985561570267730502e-01,1.683165032928456428e-01,-2.918821550735297143e-01,-1.155134084657775395e-01,2.969731227611340785e-01,3.714878458002882633e-01,-4.111560114512676778e-01,1.582679917215588372e-01,4.809441105123802296e-01,-1.328875273654150369e-01,3.071214949188048604e-01,2.690391831782682486e-01,-8.458447968699048247e-02,2.088109573377999462e-01,7.597051528916810847e-02,7.632472357310857158e-02,5.384076948633014226e-01,-9.230111968381264631e-02,5.277063039940672190e-02,1.105887320045631783e-01,-2.545906403227976011e-01,2.210869777619039744e-01,3.718021588989767201e-01,-4.595525469668159113e-01,2.773466429596924132e-01,1.615648690037158608e-01,3.229238173373276122e-01,3.205363992228617009e-01,3.188112943559426871e-01,-8.023921876150804655e-01,1.957441874171784169e-01,2.219549248700997401e-01,5.512581258658938443e-02,3.874431355981926561e-01,1.174680117404686280e-01,-3.797837936410522475e-02,9.173059855028326687e-03,-2.910810587552189466e-01,-1.073065317950203101e-01,-2.420756279061632155e-01,-6.027570262949706326e-01,1.613334459576432622e-01,-2.323565578643677076e-01,1.034020465119047244e-01,-1.236035377949327163e-01,7.273903769172757050e-02,-2.398911092320985539e-01,-4.125297254398790220e-02,-1.900596939937644059e-01,-3.577875778632780834e-01,-2.257856515557889465e-01,-3.233799058545268057e-01,-4.345968545194037191e-01,-2.960734248204465735e-01,3.530657504717976680e-01,5.702473215888498315e-01,-4.179886795704350066e-01,-1.196509208968123648e-02,7.327903452176613708e-02,-8.703929799469836692e-03,7.644121276199547510e-02,-2.298356555112774091e-01,-1.371336341498772537e-01,1.277524196742647333e-01,-1.656484061179408218e-01,4.673793549288478288e-02,1.726575923419687297e-01,-1.914486435625704086e-01,-2.010395188362487096e-01,-2.405155624547686832e-01,-2.853332542109744963e-01,2.534879422697980944e-01,-1.518635685779759770e-01,-1.433223656601005369e-01,-2.569252521450344218e-01
-3.669995628542795374e-01,1.586169841292563720e-01,1.482403547123076482e-01,-3.444635726213774451e-01,-1.958465446200317872e-01,7.492522207727980721e-02,-4.636338598406066214e-01,4.579803868139053179e-04,8.363664243473768745e-02,-8.983117842899193684e-02,-4.263513292395273435e-01,6.300394672996258161e-02,-2.542984300279822474e-01,1.591581375034730461e-01,-2.371832871508554319e-01,-8.878879695442158659e-02,-3.941995846719650171e-02,3.400323410521007839e-01,-6.312813586252644105e-02,-5.084666592055256951e-01,-3.592290498577175861e-01,2.727291718717870794e-01,-1.954726747428121025e-01,3.651202682582159742e-01,-5.419202592726024559e-01,1.014349365451342258e-02,-5.508335003168046695e-01,-3.249277572496943323e-02,1.086119888961946944e-01,3.677312871358262569e-01,-4.981474164745142152e-02,-1.258004608844171257e-01,4.855650135804372991e-01,-5.183446445765327315e-01,-1.710479362136531345e-01,-2.870793955189894150e-02,3.272734817255110173e-03,1.271660837611133521e-01,1.188114538984030577e-01,-1.495231898146220928e-01,-6.566831786633631207e-02,3.075211962088045259e-02,-1.902840596720707100e-01,-7.080873893733541369e-02,1.030744600418746076e-01,-3.892620654730833962e-01,4.417170065240794141e-02,-3.744918108332128126e-01,1.356786550593839791e-01,-1.022863270846280370e-01,-5.164968656503490102e-02,-7.668280297244003951e-02,-7.983161655798762801e-01,-2.247763725944973701e-01,-1.753743830026540662e-01,-3.947680020922740285e-01,-1.290679032883033928e-01,3.637278080949195580e-01,-3.226976494760876446e-01,-9.319470045697898775e-02,2.378541597942108732e-01,3.501044172112693365e-01,1.271907806945481723e-01,-2.470822478434006042e-01,3.461801315661496535e-03,1.257866246501830876e-01,4.629457856669633858e-02,-5.188321546684315777e-01,1.825854836735901071e-02,2.567263894769988841e-02,-1.772728799259714050e-01,2.366095658841211036e-01,1.816950490778186100e-01,3.845110025390442027e-02,3.387810022330123849e-01,-1.765927178343770221e-01,-3.587220928545578058e-01,1.325249672156162198e-02,-9.420980278533136465e-02,1.786884279158551803e-01,-2.010515323146149641e-02,7.454247636372871022e-02,3.963045613681721036e-01,-8.670178686014361480e-01,3.506394359189762833e-01,-3.305534185054850305e-01,5.620107103301956453e-02,3.284040343126808370e-01,-5.230504026673871154e-01,2.400402445631965587e-01,-6.239179033049292722e-02,-1.452205538783593042e-01,3.883446636168168264e-02,5.389331859914633233e-02,2.600374116901106869e-01,2.134338996846417147e-01,1.684044412825383419e-01,-1.278806364286634925e-02,2.063914551490011323e-02,-3.968666409972262943e-02,2.375101213185672744e-01,-1.215378774558018710e-02,7.641435121232155459e-02,1.025402033518880984e-01,-2.341994104883874939e-01,6.015113298021941210e-03,2.367055601983068802e-01,3.140634593658008233e-01,6.796692956708527689e-02,-5.474727479505215877e-01,-1.859316145679570237e-02,1.631974810420586119e-02,1.088977211060185024e-01,-3.254495224682221050e-02,-1.028153590319852290e-01,6.543779965896841244e-02,-3.337853581900474681e-02,3.687614150281919717e-02,-3.721404944361476896e-02,-8.742907319746116845e-02
3.163039810268231666e-01,2.184298106788507832e-01,2.184568223798813436e-01,-4.985860578122085496e-01,1.409239310569824211e-01,1.867816297476204146e-01,-1.831801622633237314e-01,2.182938008047362599e-01,-1.093881285196845743e-01,-1.155031019177893414e-01,-5.124476672744471273e-01,-3.195285552065981194e-01,2.667894473527176666e-02,-5.379804571117374062e-02,-4.681335173435740571e-01,-1.358121564671136150e-01,-2.102648245990821896e-01,1.796031499477650784e-01,-8.418860286970310247e-02,-2.770997059513548577e-01,2.124557996194677556e-01,5.983988245318491023e-02,8.614961636007806289e-02,7.472789688005336828e-01,-1.188567153351602762e-01,1.403968932827537042e-01,4.703698994544812662e-01,3.310805820424552737e-01,-2.460148561671755274e-01,3.417968062643491622e-01,3.166376783426722574e-01,1.656890481456479991e-01,-3.258711766288990841e-01,-8.499933054860087100e-01,3.162812947511366435e-01,-7.868003727416297832e-02,5.368284952424879908e-01,-2.687020931432541615e-01,1.042243834073861841e-01,8.015414483429800230e-02,-9.654858198418153625e-02,-2.121313677606191106e-01,-9.100321785681722564e-02,5.675319479747967244e-02,8.380896775393019416e-02,-6.883697553408500702e-02,5.685637344070102461e-01,-5.260497953633489487e-01,-1.059770621389092143e-01,1.213552374639517845e-01,1.442232909102455773e-01,3.358417787427300238e-01,-3.086247042733119769e-02,-4.071910667888401503e-01,1.846572794581043120e-01,-1.278969830816493181e-01,-4.744166431964249586e-01,5.119494817311223134e-01,-3.378399045621460206e-01,4.715448363009521748e-01,-4.229284106082896628e-03,-1.776609015162460004e-01,-4.541418177400103895e-01,-4.149959646482075104e-02,2.197999077486963160e-01,1.563894707269411766e-01,5.990463258558600401e-01,1.145295676936612661e-01,3.781741664433905387e-02,3.470889889287238628e-01,-1.108307235534329166e-01,-1.133594697838584686e-01,3.267348678096958503e-01,3.650016244579758484e-01,6.200351611652434036e-02,-2.369998024808535678e-02,1.971688123451431907e-01,-1.383915202010691792e-01,3.147740253056774407e-01,1.375438474589538163e-01,4.213423565275061233e-01,2.214685057268184487e-01,-1.441042686066535128e-01,2.751047027146228952e-01,2.057355578481243619e-01,1.857658331866814394e-01,4.593077653448755099e-02,-1.699474454203477869e-01,-2.509221982669292972e-01,-2.000280561980582184e-01,-4.462214325923123948e-01,3.390678310538370877e-01,-1.580170845129247048e-01,-1.509692383664934801e-01,1.088516021093983294e-01,-2.368194604901466618e-02,4.871215601879854556e-02,-4.712102372759124913e-01,4.415673641945300903e-02,-9.984455353674301370e-02,4.753391037615396497e-01,-7.999748840510129133e-02,-8.712896749083913484e-02,9.032232786241256584e-02,-2.536386462360708527e-01,1.386896749947245377e-01,-1.436847807573368996e-01,-1.268046157705536858e-01,2.958982397684569166e-01,6.174645166574737054e-01,3.590023424745506508e-01,-7.153283235647515115e-01,-1.309768165057785816e-01,-2.665383232981711759e-01,2.730064957857996633e-01,1.418845000021689284e-01,-1.231942063721091357e-01,1.475527077609686821e-01,4.040966557825128036e-01,1.082100020495165016e-01
3.091841760909136427e-01,-1.229063044511475994e-01,1.175258642803193587e-01,1.299949718217486283e-01,5.232221717075929979e-01,-5.607559876411757904e-02,-8.426686949498631007e-02,-3.863565360025444373e-01,-1.011325783740416179e-01,-3.476511783982534909e-01,-6.581674466211964725e-02,-2.250634809820787896e-01,-1.610889142262634244e-01,-7.826650589834648064e-02,1.783873482860440507e-01,5.904129548375768310e-01,-2.235848966124594564e-02,-6.704740084279865731e-02,-1.566280026378208054e-02,1.915748076316631798e-01,3.957771985815151244e-02,-2.532435078665412620e-01,3.512966024163728385e-01,3.010418104704262743e-01,-3.382888362281903649e-02,-1.670333823702362663e-01,-1.114669320024609805e-01,3.656932812088218854e-01,1.558345933952961504e-01,-2.309285963951882570e-01,-4.885522410960781436e-01,1.012110686151741629e-01,-3.632664032046686864e-01,-6.686201262730671890e-02,-6.260759094646491107e-02,7.730367474620312984e-02,-1.811969425557609092e-01,3.507998346575239568e-01,-2.491592631138852543e-01,-2.227339617276812012e-02,-1.062201886116255350e-01,8.242945630722735284e-02,-3.825787353711287420e-01,3.965856645158828409e-01,-4.165083832558411081e-01,-1.250450588410256525e-01,-8.069289972723830973e-02,-1.092235861173640118e-02,-2.019442050537684497e-01,-1.383528989249919183e-01,8.972247780242832704e-02,-1.177495466912469313e-01,-1.646645658133183698e-01,2.141112927768406005e-01,-1.130966155341649043e-01,-1.983949009812245590e-01,3.414054720229811601e-01,-1.817656698442808860e-01,-1.201626435817379629e-01,-2.511899184740506302e-02,-5.183943891658782110e-02,-3.508139500412144063e-02,-2.705332486716072182e-01,6.567379376557010984e-01,7.133079343193336752e-02,1.378074043181130338e-02,-1.958675693230816917e-01,-2.068921507740708321e-01,-4.906315529186368041e-01,3.077759400227413344e-01,-1.439524363111114869e-01,-5.177332021739379231e-01,-5.454951598271248203e-01,-5.224020193498483261e-02,1.587131757039950131e-01,2.152604473418650022e-01,9.843652927226123617e-02,4.601543656177991756e-03,-8.517994550395999176e-02,-3.041528422347631322e-01,6.760287334392692249e-02,2.980461066129472258e-01,-1.394087846789262841e-01,5.887986088011838703e-02,1.300333182630964424e-01,-7.038282316769586822e-02,1.309858627116508023e-01,3.035879061802175261e-01,-2.514140305006769965e-02,-4.673092156391371321e-01,-4.608852125288702695e-01,-1.575690600607344144e-02,6.234797532391023883e-02,-3.133473689423110515e-03,3.042409823964704607e-01,3.320284084661855317e-01,-5.246229091991415627e-01,4.543339138862877991e-01,2.016543940568698567e-01,-2.372853095281045877e-01,1.447169775021510119e-01,-2.500996479267178496e-01,3.163442442743367722e-01,1.152818966422811398e-01,1.099121669690732439e-01,5.961405165797355882e-02,-1.685338194851428856e-02,-1.562990081733760528e-01,4.761341407728232888e-01,-1.646274523081657226e-01,4.678998213337272061e-01,1.128664296307999027e-01,1.834155270474976396e-01,2.268294694452031579e-01,-5.634325854528419997e-02,1.761406139250770997e-01,-2.865513581685659728e-01,-5.498424819972800442e-02,1.896939975438903525e-01,-4.966095954388039524e-01
-1.011549211876474758e-01,-2.018491328587446176e-02,-3.682685088633489978e-01,-2.100129680939503141e-01,3.474561319336520737e-02,1.412778282443810929e-01,1.063436829004941880e-01,-8.657040467320746557e-02,1.692097727437208154e-01,3.171817793125113472e-01,-3.046323877167210203e-01,-5.913297638808470008e-02,-4.901608648942144542e-01,-5.360823847959458321e-01,-1.094194282670837293e-01,4.144734420119291357e-02,3.273076771114412642e-01,7.517998587430216317e-02,-1.018421836129460994e-01,1.228641710204192161e-01,-9.158278618649681735e-02,-7.558919061260785388e-02,1.144625845857338980e-01,-3.517754388418698475e-01,8.634001939099421319e-02,7.960535554107208225e-05,-2.541312549135922305e-01,1.736382197649096459e-01,-1.248316866404854536e-01,1.886680028002214460e-01,3.279487768440234041e-02,-1.366022343952101592e-01,-3.172829065819500194e-01,-6.293098278968239923e-02,-5.315320222276896656e-03,3.749707029399867997e-01,-1.756105679185313850e-01,-3.127535790921850412e-01,-2.564771353007794241e-01,9.756786087505738003e-02,1.476979109487988051e-01,-3.695878263089171778e-01,-2.035504716462605002e-02,-9.078246208017080876e-02,-5.590731022386780102e-02,1.524578593485313438e-01,-2.371630374166653066e-01,2.634926917850842765e-01,1.572557829800509399e-01,4.460590525778764803e-01,-2.907872988958817295e-01,4.415858612463164357e-01,2.934251158106722657e-01,-4.481552802700947830e-02,1.432051062050661849e-01,2.040748342551439165e-02,-4.580697158544691505e-01,-1.785118750648388430e-01,-2.557794298247607068e-01,-9.509109981675756273e-03,2.143952346141764498e-01,3.299326548741695619e-01,2.716729657837139711e-01,1.577360133039151235e-01,3.120984878840535326e-01,1.016233511422928310e-01,1.283093813130050664e-01,1.831269278681800505e-01,3.248647425112466403e-01,-2.062419213640499793e-01,3.589166867403216776e-01,-2.538548810976152259e-01,1.586150155759016855e-01,2.361749691908291704e-01,1.362796794538027323e-01,-4.008807455237002881e-01,3.218846596673964888e-01,-1.420357236912273835e-01,-2.827514294035792242e-01,-2.731875382394489127e-01,2.718008990928591495e-01,1.572567426824676429e-01,4.556640609110754192e-01,1.418331344545891437e-01,-1.111075965023559375e-01,-3.700456584684559402e-01,-1.069279177718610585e-01,-1.641576765678683658e-01,-1.712347579045298274e-01,2.876563136369229556e-01,1.214929227262901562e-02,2.006111023469432653e-01,-2.033209087686900784e-01,2.464778262888099591e-01,-1.199658050972138845e-01,-5.180715555884769091e-02,-1.098120872044945073e-01,3.089954462092264764e-01,8.248080612499084086e-02,4.191530008941257712e-02,9.613760669372627132e-02,-1.375585449494292622e-01,5.667604531878517315e-02,1.066528908727208264e-01,-2.450961578000588059e-01,1.344084406577473502e-02,-5.658548831986113387e-02,6.671261493721722946e-01,1.596842084802881367e-01,-1.555963040747643765e-02,-5.112370242747119736e-02,1.497567036438412769e-01,2.047405724869161281e-01,-1.857381925566910785e-01,-2.534610375732494481e-01,8.346815031040644497e-03,-1.982915550646857650e-01,4.568277573711533868e-01,5.484448822860674699e-01,3.770753949043306186e-01
-3.564461206496684076e-01,2.959863009247265531e-01,2.916092051849666911e-02,-6.312545559169722986e-02,-1.882750960164510101e-01,-3.616109071512547124e-01,3.976267165096289413e-01,-5.863225431925319642e-01,-2.750532939341434058e-01,-2.432985325629514195e-01,2.129537810797776098e-01,-2.771534618979754616e-01,2.009285543697324761e-01,-2.215448254840870213e-01,-2.113179183519280913e-01,3.934161484273878545e-02,2.013956854281892528e-02,-3.036773381390933668e-01,1.486065860657076187e-01,3.358712166400995014e-01,1.576675836052457980e-01,-1.624351173606645160e-01,-1.312375045964370712e-01,5.751394809991951240e-02,3.883283515365593824e-02,-9.471222364547272898e-02,-3.110461587444612874e-01,-2.984924179722629467e-01,3.737153010092829630e-01,2.556520169239487883e-01,-3.170720745179148731e-02,1.482832849241924600e-01,2.130697651255128722e-01,-1.474624708597512823e-01,3.394505799887559405e-01,-1.694758808693395402e-01,9.270496153960197661e-02,-2.157262502019712813e-01,-1.476598891326604268e-01,3.873548473783097190e-01,5.572342321749637062e-01,-7.724276217476926110e-02,1.350111925035913929e-01,-1.363263521270594303e-01,2.210169481673098235e-01,6.125352885181736817e-02,-6.412421314092917601e-01,-6.639732984148652428e-02,-1.595694545439148293e-01,1.180128660604142649e-02,4.138477707828619456e-02,-4.366593561889384190e-02,1.810782493616747424e-01,-1.291827357895686812e-01,1.688762586434098822e-01,-3.549166856711543083e-01,-4.538598173503210348e-02,1.290182526673135099e-01,-4.724456173905441925e-02,-1.125647836032163951e-01,1.548535800229898680e-02,-7.425246821191303082e-02,1.738084318476142420e-01,-6.774522173221689814e-01,8.322819184422870775e-02,-2.694471340082951194e-01,2.206533312750480480e-01,1.926092208183873000e-01,2.949575370211474090e-01,-2.787504762927713875e-01,4.422911965154832648e-02,8.882506114580410173e-02,2.813882111781034201e-01,-7.464136206953327080e-02,1.071570855522314680e-01,-7.972391392034335056e-02,-4.943274507520672434e-01,4.666326386145897009e-02,-1.358964292259367823e-01,-1.656459552047613581e-01,3.307894139240695752e-01,3.804712042873229505e-01,-2.985317137840919899e-01,-3.455732291926378874e-01,-7.468155425717287743e-02,-5.717539901293736126e-02,-6.970736798269109302e-01,-5.170157792840604505e-02,-6.429804303696643464e-01,-1.535767358852286324e-01,-2.853032936638909001e-01,-6.623919597415864335e-02,-3.901392309753370369e-01,1.884516756728513431e-01,-6.791899019944387661e-02,-1.374717462719339534e-01,-3.178525821884654046e-01,2.655642665837576466e-01,8.804610585032075776e-02,-2.680775126216237148e-01,-9.494806571689551333e-02,2.544096093898720046e-01,5.656841865269853775e-01,8.987422491280980252e-02,4.210386929772897413e-01,-1.566594550819040144e-01,-7.843504132859849265e-02,-3.310130134734011187e-01,3.667817665935325100e-01,-7.013314993154269594e-02,-4.831322670189167057e-02,1.614928918376361822e-01,2.824404505688528633e-01,3.614663490189874984e-01,1.692976887193277076e-03,-3.876536054971922440e-01,-3.307943618133555863e-01,-5.509373833996436542e-02,4.072935419739877605e-01,7.190807447510901007e-02
2.115378595197117684e-02,-1.183163364717461502e-01,1.431649857644931023e-01,-4.320514753061713842e-01,-1.876845743132218858e-01,2.295829124291996204e-01,-4.313470909799237418e-01,-2.426273060870972470e-02,1.130042394329008187e-01,-4.451611894437822459e-01,-1.509112709595487010e-02,-3.049561865585025400e-01,2.558705789506756853e-02,1.180543699170327893e-01,-6.153354290145476857e-02,-3.393078774570429390e-02,-2.015035805592475804e-02,-3.703051187733282235e-01,-1.753937206702976814e-01,1.562043315631842788e-01,-3.071953909586553344e-01,-2.953806196123628935e-01,1.486983800795368404e-01,3.422313634889539991e-01,9.439027545141270847e-02,-5.265738671879816035e-01,-2.785038165529711840e-01,4.911858237586532727e-01,6.093645839118242563e-02,4.727013616790737283e-02,-1.451055380386903348e-01,-8.685185928581942716e-02,4.000994288007476141e-01,7.405320215996481770e-02,7.815951058887354863e-02,3.803107752063587810e-02,-5.704907935935754626e-01,3.070354631278280136e-02,1.005435255047288368e-01,-1.177050603621945107e-01,5.071298316050487642e-02,1.606972640610070946e-01,8.680813498706588943e-03,-1.695335303980148867e-01,-8.888866982440288278e-02,-1.498464775568457974e-01,2.548858011418542180e-01,4.470921300709495561e-01,3.051043650941923646e-01,4.664794468810096739e-01,4.912876293072390710e-01,2.053181841158966403e-01,1.839381725913483701e-01,-2.523102184638528200e-01,1.404096556845657040e-01,4.116139893515136094e-01,3.722775470647096130e-01,1.501910651037668132e-01,-4.783618385224305269e-01,-3.610138513763814228e-01,3.414248747161248154e-01,3.474987429283889484e-01,-3.610762011199705190e-01,1.043051584146541116e-01,5.347352547997574063e-02,1.864937672334968655e-01,2.719229089553307221e-01,1.003659458313488906e-01,-2.525558150730478416e-02,4.460337351703006110e-03,-3.381540260205136983e-01,3.302345248791092036e-01,3.071902128034253998e-01,1.697957872378711985e-01,4.148909345207024008e-02,3.625164971644410095e-01,3.246430910782991952e-01,-2.866027100251856141e-01,-2.136533325198898547e-01,4.719889702158931027e-02,7.337582731799177083e-01,-6.381427872378774291e-01,2.478821057340019687e-02,1.933328401885424652e-01,-2.707754332170406175e-01,1.359089114273529311e-02,-4.796820708204406480e-02,1.896030142934058138e-01,-2.689999216218818059e-02,5.139306622924366685e-02,-3.571790688870032371e-01,7.862773609179141143e-02,2.731174838372914526e-01,6.867370501470386468e-02,3.647034492308341425e-01,-2.220554428006517034e-01,4.311740887708967462e-01,-1.004621151005956475e-01,5.738273819747052168e-02,6.829595048161118953e-02,-3.532611597245310375e-01,-1.183465883700685062e-01,2.265419256139609705e-01,-2.207854166500835824e-01,-2.757468125076140142e-01,2.265282515883363657e-01,4.173746719410810768e-01,7.423492445544297054e-03,1.957213075571176408e-01,5.023552304432605392e-02,-8.138641004744170959e-02,-9.295591145184444945e-03,-3.643145410232495052e-01,1.410043366695333186e-02,-1.565317560318552625e-01,-5.575249467693724897e-02,3.963245742283904027e-01,1.695052284051069835e-01,2.267209984056517413e-01,9.681506409993007045e-02
9.106506091550563287e-02,-1.212671711128625873e-01,1.535583734611161155e-01,5.106595818092476979e-02,3.574776131491227971e-02,-1.371608889672434051e-01,1.297268580360478596e-01,-2.837551048232260786e-01,-2.951944899161498825e-01,-5.381402868609967971e-01,-1.318870436678325486e-01,2.769345991744524005e-01,-4.691155689945948892e-01,2.596475030146224716e-01,-1.270428055702318981e-01,-1.395707882279220713e-01,3.821732785882190342e-01,1.905472289153304633e-01,-2.579275473541647323e-01,3.287860483147770352e-01,9.359419311777408823e-02,8.128886689032621682e-02,1.194524501390736987e-01,1.535177506038053197e-01,-8.079932188302897667e-02,-1.391628080986435922e-01,2.360832317532118030e-01,-2.514179753734875900e-01,-3.265261048549095713e-01,-3.120131390270705629e-01,3.198093438289108525e-01,1.369278017870516340e-01,9.193547720325660755e-02,3.642854898318616530e-01,2.249096281371186223e-01,1.718819630035189339e-01,3.580390216386519775e-02,-1.033158336842143060e-01,-6.888583361869189681e-02,-2.350410673625998037e-01,5.686726527644586637e-02,2.632864910430339211e-01,5.889868205124150491e-02,-1.984118458866356294e-01,-4.430633188593993688e-01,4.925597124299968543e-01,5.699264976876687872e-01,2.583655276538476819e-01,2.486692000264890956e-01,-5.637786029967403190e-01,3.201946087021409482e-02,-2.403605116059523983e-01,-5.425013109907167452e-02,-1.252107123228065610e-01,7.022415384249330872e-02,2.191309587549366764e-02,5.166807214728993403e-01,-2.798635973788835551e-01,5.615888899448624461e-01,-1.481522281222458493e-01,3.697977093377235458e-01,2.672655888401035407e-01,7.223788747124891552e-02,-3.276774841454525855e-02,-4.543073243424593927e-02,-3.652917455581561890e-01,-6.192472533089247166e-01,1.667887358913527351e-01,7.096182208739638952e-02,-1.214815339741061456e-01,2.592616970831888579e-01,8.973570729678900793e-02,3.479934548013736695e-01,2.383060188648397915e-01,1.514431742273293505e-03,2.654149889862188472e-01,2.600774262335019960e-01,-1.155121915721787906e-01,-2.216102921099384615e-01,-7.430416717679734495e-02,-5.226560556878732111e-01,-3.113316923559930616e-01,2.322366726528409253e-01,5.519956452416053816e-01,-2.875443174326382245e-02,2.533022352531138499e-01,-1.743273015499176293e-01,3.869868062702492839e-01,-3.300528783097115282e-01,-2.732129588063770056e-02,-1.752649827610170408e-01,-2.373859324318108865e-01,-6.080902252120783807e-02,-1.674402545940588960e-01,7.457992292096410521e-03,5.151658675195017745e-01,-2.600763720279019031e-01,-1.585659268891474738e-02,3.528713848940028819e-01,4.892448468874992934e-02,-3.276926269367716471e-01,-1.219817558923996098e-01,-5.048865757966429502e-02,-2.702312572824183134e-01,-3.692704469604344286e-01,7.547543926711803089e-03,-4.235679390210561057e-01,8.723592713400749044e-02,3.238273017823555255e-01,1.586081586918933195e-01,-2.673468625563213963e-01,1.206861726912464468e-02,6.268991279549240847e-02,1.535622346242992431e-01,6.127035729790052399e-01,-7.064807095344926013e-01,-3.468295561074420386e-01,-4.067088929434093392e-01,3.791943305215667026e-02,-2.347847968853537803e-01
5.518245991668284667e-01,1.668276050362306126e-02,1.339989845354333797e-01,1.266331234533000782e-01,-1.270458762732104008e-01,-1.002304641620541809e-01,2.360998467627941633e-01,-3.157258242401697612e-01,-4.791062871149134872e-01,-2.890826550514791204e-01,-2.468477230123260480e-01,3.664706877871080903e-02,-8.831216179053501258e-02,8.985178048254087446e-02,4.000948228970534204e-02,-7.632585176742570990e-03,2.199973522490808187e-01,1.292655668998693164e-01,-3.483070120691802440e-01,2.069055788961618181e-01,1.298776591451139273e-01,-1.302814988251758677e-01,-2.566324819611371377e-01,4.043049955484517149e-02,-2.165789175351272855e-01,4.572104596974334578e-01,1.770999443867486145e-01,-1.012305168475554074e-01,-3.286726573523916090e-02,8.911764648699113667e-02,4.098712212710987624e-01,2.114829835794400092e-01,3.343454269735746665e-01,-2.407624554710370568e-01,-2.038074308503700638e-01,1.361568236093437245e-01,1.111717062820201246e-01,1.923037353760557455e-01,-4.459720657465436888e-01,1.168601709534704790e-02,-2.667497410756136667e-01,1.080454605051754391e-01,-5.781891385092435831e-02,-3.133975735342285629e-02,1.933787823345392010e-01,6.813980172473608210e-01,-4.349153706057046209e-02,-1.039181507418419775e-01,-2.662592513912165337e-01,1.922025499285801575e-01,-3.620477352776437230e-01,-1.799932148395741172e-01,-2.661280468788455034e-01,-1.717640097614874795e-01,-1.684139132286039398e-01,3.705241929634184306e-02,-4.901136376649851273e-02,1.018390607079187049e-01,1.360993438040185299e-01,4.639816685616829361e-01,-1.019940737532234881e-01,-4.468628209016008157e-03,-1.494074030291165089e-01,3.273870970047641493e-01,-2.787249457725841928e-02,2.325301311792913467e-02,-1.935979072217177965e-01,-3.862510069606668872e-01,-2.321632709249712712e-01,-5.867701454462930233e-01,1.138900884790117057e-01,-3.603224079377171929e-01,-3.564917699760322689e-02,4.323122558351749078e-01,-2.679268012787439091e-01,3.087839164376588452e-01,1.536528904547351977e-02,4.274911618816151226e-01,1.431537189098560925e-01,2.290990437480558972e-01,-8.216655948440781954e-02,-1.786540659934554298e-01,2.131908754029775144e-01,-2.835506515213102596e-01,-1.853459300331014581e-01,5.112510602671117149e-02,4.707324115138802889e-02,-1.235152579049462324e-01,1.319117461167629290e-01,-6.151513909505737510e-02,-6.222187992546298618e-01,3.140624969676104050e-01,-2.027588703860905839e-01,-1.406681897744320800e-02,-4.912753585483304805e-03,3.623123579179235443e-01,4.851404979410388341e-02,-1.131243514676481127e-01,3.252189307451715528e-01,-3.692950482755919528e-01,2.940873120329766666e-01,3.542683147946150413e-02,1.852733752048364192e-03,-2.553290638598133475e-02,4.874102664777673066e-01,-1.097556132788704564e-01,1.165106070174742048e-01,6.334329513488649865e-02,1.784420523080338938e-01,4.403869416210243748e-01,1.417027877421803972e-01,-5.230344306321554199e-02,-3.754571551656675776e-01,-1.508988054431074644e-01,9.145465822723923555e-02,-2.429085348259147625e-01,-4.153965622579081085e-03,3.943114294294201572e-01,-1.934870177074217712e-01,2.867729420924013117e-02
3.168652081833114309e-01,-1.603656823801650200e-01,2.406729054073636909e-01,-1.452732404989435233e-01,9.620628330271933926e-03,-1.827398061613294544e-01,4.268068561457983856e-01,3.050367696827209832e-02,1.680241557575851419e-01,1.240403181819963244e-02,-2.973583537295975687e-01,-1.709919342145336044e-02,1.976366803220880597e-01,-7.278800229946426337e-02,-2.276124248416620255e-01,3.168095984900236584e-01,-4.456740009935390018e-02,3.698676380562515020e-01,-3.064250749607650981e-01,1.187486362187160638e-01,3.400843312038585170e-02,-3.206626774801475954e-01,-2.021979892125936318e-01,-2.315075477703780193e-01,-3.573540501845886008e-01,2.466692763397553348e-02,-3.405857424179766779e-01,-8.754980440702858635e-02,2.606286128085332221e-01,2.618254264810903221e-03,3.950372590824431929e-01,1.061327936654212351e-01,1.289419187199648265e-01,-1.814847130050171731e-01,-8.643357990729717832e-03,1.109574156282706198e-01,-2.684534005121986255e-01,3.604605963563683457e-01,5.621783915128210612e-04,-1.830999252485810691e-01,-1.570819352689955817e-01,1.160310778772888352e-02,2.862697689223234199e-01,1.014625000101997271e-01,2.606872008073362612e-01,2.481974058535349192e-01,-3.221928543828412872e-01,-2.085032418048234915e-01,-2.858735145914284015e-01,1.825560967333857421e-01,1.639087182102766660e-01,2.817042877919750249e-02,-9.393496384073507510e-02,3.850384074916760047e-01,2.332121975625162935e-01,3.084887102995584329e-01,-3.059716181863768487e-03,-3.886658114239642525e-02,2.913143406881215092e-01,-2.172578244153999111e-02,-1.804490325705111198e-01,2.446276848066011866e-01,4.639915922892989264e-01,-6.591377483465966913e-02,-3.643505574318988138e-01,2.339478956614421123e-01,-2.413478499570250457e-01,7.450951574862046956e-01,-5.605798399010981647e-01,8.646599164809100346e-02,3.941624188636985715e-01,-1.903511562162260584e-01,-8.474460050514624754e-02,1.861752208877249237e-01,-2.165407883351553042e-01,-7.586545171578954264e-03,-2.805371725931930516e-01,-2.110033184518786686e-01,2.432688103944030122e-01,2.371159874007884305e-01,3.410104742900575414e-01,1.293395297685122070e-01,-5.921408486446283481e-02,6.823219799184623846e-02,7.052875533258372298e-02,2.599544291742367785e-01,-1.268897572360568049e-01,5.681445763117441011e-02,-8.570975682600458223e-02,1.552623922888591301e-01,-1.238080829426469257e-02,-4.872276952053058302e-02,-2.153923814892243563e-02,4.339076325416219015e-01,-1.516750271077578205e-01,1.712868119127937960e-01,-2.082650753820918244e-01,-7.376940907123344382e-02,2.152984295613107613e-01,-4.638096871361028217e-01,-6.046773605106493532e-01,-3.498803156586687280e-01,-2.255787294203962789e-01,-1.561875855787616674e-01,-3.572473773876882475e-01,2.924718990714977318e-01,4.653194762313596078e-01,9.215411082596637604e-02,-2.697920803640654897e-01,4.638784886892968196e-01,3.210748833161297666e-01,4.698510312909368915e-03,5.029501604496426914e-01,-4.719134933595628967e-01,-1.251644441932990570e-01,-1.804690230642827242e-01,-5.009021222919712857e-02,3.857417603106568782e-01,-4.716745610518400800e-01,-4.341621307715245320e-02
-2.205752590379427835e-01,1.824322313640529963e-02,-6.332962409201250975e-02,-6.147431452060497098e-02,4.414873165987687198e-02,9.442042998073881671e-03,-3.092903185816199274e-01,-2.268494890815091480e-01,-2.207290966979274793e-01,-3.190530948994320659e-01,-1.661652493048891843e-01,-1.223790413524677850e-01,4.369006247125519216e-01,6.128653551908481989e-02,1.033051337620988774e-01,2.437154013170562267e-03,3.159708953835148239e-03,-8.788339253452980004e-02,-1.150271278282417736e-01,1.202696877364636541e-01,-4.355945706110107007e-01,3.072719165232846161e-01,-1.880460306100864287e-01,3.113272660778431122e-01,2.983072291562783862e-01,-5.950753248814509566e-02,6.191538695816132393e-02,1.145829183686896402e-01,2.776293961153384338e-01,-9.108817377518899777e-03,-1.178802116778058379e-01,3.538392640289675928e-01,1.899206197545944275e-01,4.361254721665322465e-02,-8.620440538016903298e-02,-1.444144189131828515e-01,4.881486654690055799e-02,3.409739867015727614e-03,-4.510821804328040141e-01,5.128462062754564066e-01,1.184450028935214866e-01,3.467768872026188443e-01,9.572706509376055495e-03,-9.473771936396020721e-02,-6.124215485521209562e-02,1.286916815472143871e-01,-6.639642981379748066e-02,3.321242118546998134e-01,-1.892243012910926336e-01,-3.335068377708285126e-01,-7.052600891420145457e-01,1.987637645031619660e-01,-3.285640905558019909e-01,-4.480988724428674463e-01,5.364436993138635423e-02,-1.727085840277273188e-01,-2.306754518996068370e-01,1.053986210787595523e-02,-1.542252270886111665e-01,-1.798618807869152847e-01,-3.464830773316467799e-02,4.991648935658757336e-01,-1.153511742400437634e-01,-2.359600050931247028e-01,1.980830384538048716e-01,-1.931453547803320403e-01,-1.266320540244063042e-01,2.745038244159018759e-01,-2.940430960839057750e-01,-8.213481920097112643e-02,-4.834624853745238954e-02,-4.865348893869502755e-01,-3.480402705014507686e-02,-1.095443506571414510e-01,-6.183526548218616636e-02,-6.394659424331716746e-01,-3.796773105936728787e-01,1.152892918839839298e-01,-5.937335259708410584e-01,8.670452627067597173e-02,-2.100323975988126202e-01,-4.891485746644336774e-01,1.222870875626677067e-01,-2.771026676388504417e-01,6.235392959650090661e-02,1.306456730757742657e-01,-1.805007386783170908e-01,1.511136558191653878e-01,1.965597168705641995e-01,5.289870034366878776e-02,3.658731752738295651e-01,3.881602547486658339e-01,4.728113949845002412e-02,-3.515712538636470708e-01,-3.207142696603104137e-01,-1.363407560420487885e-01,-3.254892965939096272e-01,-4.279670774432597913e-02,-5.160259315454218676e-02,1.839868921278527830e-02,-3.351465916703503800e-01,-1.184596440801782002e-01,-1.562077681215127134e-01,-1.991427704697206619e-02,-2.570105384549756233e-01,6.337280607374398134e-01,-3.206950921712629216e-02,1.384718510898866051e-01,1.142663223963687885e-01,-4.408744044233197101e-01,1.276348586153354114e-01,-4.595483755437883011e-01,4.712132815771276351e-02,-1.716370439831752526e-01,-1.321655410562732613e-01,1.902912362629201673e-02,-2.337317717514129228e-02,2.727072655927949008e-01,-2.891338067489177543e-01,1.968413237306817776e-01
1.047633247837093454e-02,3.762942480517353916e-01,1.608874556294851432e-01,-2.450157908773182569e-01,2.594864718539888204e-01,-1.540110027621773570e-01,-1.289027258269365428e-01,-3.339072302935813807e-01,-5.186928360092658841e-02,1.962284611434771953e-01,-1.605894726745338008e-01,2.238850765995343828e-01,-6.326742129660397219e-04,-9.941920668851801993e-03,2.888012624272178197e-01,9.408841678484973492e-02,-1.454421192779252470e-01,7.392247678357594109e-02,-3.185161282258398563e-01,2.649374490370144941e-01,5.955173853284706498e-02,-2.585207987545868474e-02,4.559710850307705510e-01,-3.583372663593675234e-01,4.294305289352020050e-01,-3.794795761896866404e-01,-1.081095542935228415e-01,7.019179267687021551e-02,-7.438843802212371514e-01,-3.413570319729785640e-01,1.936109040153425886e-01,9.415555041057942220e-02,-2.159748201978734794e-01,4.306905555410660558e-01,9.688663584019999164e-03,1.042429731881149707e-01,1.959315634362324698e-01,-1.990150552747804169e-01,7.444136575025320224e-02,-1.491133902461685701e-01,2.150374010506806433e-01,4.060589425009549641e-02,5.958346383764688836e-01,3.466348682803336301e-01,5.897264700956220684e-01,2.054731486651281969e-01,2.772313450812711674e-02,4.790092878038121338e-02,-1.415229582625943949e-01,4.095628951639669890e-01,2.002572495038706379e-01,-7.269154267870087116e-02,-5.858902701862832296e-02,-1.715352463218517698e-01,4.075302935376387548e-01,-1.683593551518256792e-01,-1.915029189482498617e-01,3.511105718710275658e-01,7.054171592251387013e-01,2.095426647615565852e-01,-1.657281735866382166e-01,-4.375345890926392034e-01,3.549928775948613113e-02,1.355187447704114534e-01,2.272758483428551080e-02,2.138184600390035939e-01,3.492318659906369360e-01,1.149699355601102313e-01,2.196035935624038316e-01,2.755203276928434031e-01,2.712212304003648877e-01,-3.725237216552683694e-01,-1.702686675083712187e-01,-2.249616857664811231e-01,1.993926726356309576e-01,1.185745206151345016e-01,-1.388932103311389665e-01,-7.202373146321197628e-02,-2.663495298278844570e-01,-1.366825309480043382e-01,-1.130489307847074160e-01,1.304099342243319470e-01,1.969511934975459178e-01,1.878371658891676670e-03,2.267051479430829131e-01,1.575397889171365473e-01,1.803783603609468988e-01,1.368542339931557161e-01,-1.035571653958389238e-01,8.659000637365427133e-02,9.773963965179596064e-03,-3.086363133910025036e-01,1.358162422072037474e-03,-1.743487132715267895e-01,6.397028695319568747e-01,-1.044104642960586582e-01,-1.854972872817827190e-01,4.929568557281382990e-01,1.060852255610213180e-01,2.579616446242096739e-01,4.460826579468822328e-01,-4.806832764822423221e-02,-2.584067618105261865e-01,3.595804381007780548e-01,2.097445566628586000e-01,4.708188033072432943e-01,1.288741651283864253e-01,1.381730384865950956e-01,-8.415201493684949796e-02,4.943808183059698880e-02,9.501536645282160354e-02,-2.609797825683649597e-01,-5.596652576657492606e-01,1.656954563688314008e-01,1.817983987807786708e-02,1.670467073880067821e-01,-1.426105121715380286e-01,-1.276273160350766163e-02,-2.318737580954784994e-01,1.325269830909098501e-01
-2.672048876480192514e-01,2.632489438129858028e-01,2.190010210720695280e-02,4.102001310541660700e-02,1.043168228507741491e-01,-2.534588751908614657e-01,-1.819606544454654418e-01,-7.774865549434469003e-02,3.235370774009361378e-02,5.419599931930005332e-02,-4.289483479813939737e-01,2.063370415405947345e-01,-5.337701631323818474e-02,4.843040600795796569e-01,-1.317929987250407442e-01,-3.706505551267827436e-01,7.667646241791134520e-02,-1.263756616846479219e-01,-1.793856994066768407e-01,3.362247199171976009e-01,-3.381505424478330191e-02,1.268533699724520292e-01,2.502004945948405612e-01,6.136483704142582651e-02,-1.090094077892284422e-03,-3.964486148437038615e-01,-1.471229772773343658e-01,8.398045536221723784e-02,7.819946740304012378e-02,-7.463931802552900563e-02,1.381549648340227587e-01,5.817346147820712243e-02,1.458985741356481625e-01,1.384204691561859990e-01,5.966393280729614945e-01,3.581284027219097110e-01,-4.429547190291774350e-01,1.323265400075211151e-01,-3.053933518884474063e-01,-8.894131324906528330e-03,-4.348949687634371397e-01,6.845009481859425371e-01,-8.313073970891678155e-02,5.217324963998675180e-01,5.728059084609108537e-02,6.177606127785360141e-02,3.196136313431361398e-01,4.721927519520286581e-02,-1.588575824582665885e-01,3.542844283839741149e-01,-2.615189074037717679e-02,-1.243545987653603691e-01,-5.082760258579578361e-01,3.490840390929736414e-02,1.087392022454508611e-02,-2.318493874250934228e-01,-3.592446102627264715e-01,3.353983684717791736e-01,2.478270963554349837e-01,2.830542982851101952e-01,9.029705669297305448e-02,-3.782677416552591709e-01,5.310753836895141244e-01,-2.615877030480324994e-02,1.109014587268081359e-01,2.769675175961301417e-01,4.689347190360838580e-01,1.754572309147037212e-02,3.754049943512938192e-01,-2.667639207671762200e-02,-2.632909215800767755e-01,1.461380723863130171e-01,3.206931134327529742e-01,-2.781408707405685909e-01,-1.386465361849159583e-01,2.070108839553592983e-01,3.240695249184801785e-01,-2.406678642939296536e-02,-4.152110723047793828e-01,2.987647661985047831e-01,-2.619276549790744979e-01,3.784624985365522276e-01,-3.682011716740905549e-01,2.168180220881420206e-02,3.688730042835517420e-01,-5.393613602224034409e-01,-4.124214068827688484e-01,3.072713392384753273e-01,1.603053415085099187e-01,2.804826060347534455e-01,-1.136648070873075012e-01,-4.591050800099043955e-02,-4.949236879951149359e-02,-3.173760826508904009e-01,3.080413076070588896e-01,5.690471671086777539e-01,1.433438813256679434e-01,4.899512671185693446e-02,-1.445359147296472468e-01,-1.856732297420486677e-01,-1.946745339569758149e-02,7.260985532268064702e-02,-2.787477743653867246e-01,-1.755157610306014027e-01,1.927888974922555287e-01,-4.376645753075902867e-01,-7.573109613089297476e-02,-7.179796592063848737e-02,2.302566481715536129e-01,-2.013125054169213196e-02,-4.516749157322813568e-02,-1.452328964536229450e-01,-6.319717585195515179e-03,2.019581552725467077e-01,4.481053122432284708e-01,4.338128136878965750e-03,-4.266150502447550452e-01,-1.461474687234829983e-01,2.361749583048675938e-01,3.818889159335153716e-02
1.261699399387656295e-01,-2.825260862526307037e-01,1.939394218478279475e-01,9.270218745447166009e-02,-1.054908215292019030e-01,5.328004020242925465e-02,1.699304768838052482e-01,2.677105743858411158e-01,1.088313902348719275e-01,2.261626032593003210e-01,-2.622588027053050497e-01,-5.997423159168610574e-02,-1.780884642616936686e-01,-5.418856949427963698e-01,1.158662685376437712e-01,-4.766428683750948553e-02,1.489777921540565500e-02,1.273896709052784737e-01,2.124517774060255548e-01,2.241557932016826349e-01,-2.455163372458451509e-01,-6.800569827391232669e-02,5.306188157526465776e-01,-2.555602752611987882e-01,7.129780592965788699e-01,-1.369913656818446401e-01,-1.601204768310406645e-01,-2.679662370486015632e-01,-5.464295221806657610e-01,2.542813612067662543e-01,-3.406603465153753563e-01,7.929476010912997475e-03,-1.348138615133752383e-01,-1.905965198583153830e-01,1.840799038202569349e-01,-1.360563019701795662e-01,-5.320113834111910300e-01,2.062526552065986618e-02,-1.737900992039724535e-01,2.453341938448781734e-01,-4.793190449732957770e-02,-2.334608769442397536e-01,1.602515119291376411e-01,-2.281468132939124260e-01,-8.735239930667826336e-02,1.866954187088717132e-01,2.413489337964400683e-01,-3.193607237921077813e-01,-8.234317787946937583e-02,-3.486827940152271155e-01,-2.696366173895864971e-01,4.605266979263694105e-01,4.814669785121216683e-01,2.956584989737748304e-02,-3.707032530482642918e-02,-5.695517021560245891e-02,-5.639553480543264830e-02,-2.096248285434052505e-01,9.567444094844929081e-02,-7.577400794549311869e-02,-1.007961443746164670e-01,-1.163586293829454860e-01,5.638075734801993588e-02,6.086917272225301351e-02,-3.025621584218421076e-03,-3.081122821701944708e-02,-1.820187159882403483e-01,-4.109496260971783749e-02,1.898761527881391922e-02,-9.990096035563562904e-02,2.952425388569271947e-01,3.675761099382654495e-01,6.942540019221127290e-02,-1.712106524341143465e-01,-9.154478351493355870e-01,-4.058396426002961604e-02,4.819293652219776569e-01,-9.100647154043117748e-02,1.323873391900077801e-01,2.909668550479936888e-01,-2.530519003289959934e-01,3.719900215697894818e-03,-2.180219387622620020e-01,-1.543728029129298185e-01,4.482108426796720113e-02,2.102867290804317502e-01,-5.020085079180768295e-01,-7.899595692543873171e-02,1.951765035536293449e-02,4.723848215661932692e-01,1.020584707228426868e-01,-1.790825485822035712e-01,-3.115469141964006261e-01,3.752665475068309164e-02,-4.312961400793212385e-02,2.617776286209448355e-01,5.818245245591367049e-02,2.549475705633928446e-01,-2.178120950296814212e-02,1.093137736555240130e-01,-2.351704694077668134e-01,2.936386133052497072e-01,-4.055104290026776415e-01,-2.806824284955043991e-01,3.723388554434730602e-01,5.836031219803128334e-02,-2.102473918707626621e-01,-3.342774099181317626e-01,-7.674788782024229150e-02,-2.470882700213624938e-01,1.618022753605380393e-01,3.422829693308691579e-01,-1.321824134983998200e-01,-2.821085020219949238e-02,-2.455959953333527457e-01,4.082258911825957237e-01,2.896676090713506402e-01,1.744274110366862418e-01,-7.523724574805615295e-02,8.784024741857915375e-02
3.109357425815062470e-01,-2.428912177813723483e-01,-4.831483939323297921e-02,1.911073390329963706e-01,-1.464449435079577533e-01,-2.253867027444635962e-01,-1.942518363560312433e-01,4.591195098741808200e-01,-1.695474030150680156e-01,-3.394935806269246820e-02,2.154474295231967318e-02,-6.719762044651707289e-02,-4.892402753235842727e-01,-3.054282348515977574e-01,2.035959357377545853e-01,2.618720962582322676e-01,1.092183597584678589e-01,-6.760358903556763777e-02,-1.000813349954730869e-01,3.937766541513797874e-02,-6.728633584311066729e-01,-8.960481990364682625e-02,-6.110869647256125248e-01,-1.884475672756261988e-01,3.896788250459131131e-01,-1.232200008440432482e-01,-4.755952498181334476e-01,-1.355127766870196093e-01,-9.854287866137509400e-02,-1.165334632646103027e-02,-2.067941914503312051e-01,3.595303490480409314e-01,1.190850590882307075e-01,-2.450693478747122678e-01,3.114323555072247007e-01,-2.049422120032318717e-01,-1.787263557276811965e-01,2.582633343648815805e-01,-3.607254618870479879e-02,1.236206982121175330e-01,-2.315369804250692609e-01,1.209652393259134408e-02,-2.010529952942207432e-01,-2.644402210591798030e-01,7.019041905715345253e-02,5.354877568680836003e-02,-3.984417631395675841e-01,-1.572687689949070211e-01,2.950590238634345774e-01,-5.999925613003963959e-02,-2.473502057970203560e-01,-1.051859567275335722e-01,2.122683256886979120e-01,1.199522386633819354e-01,1.782052524988804176e-01,-9.610227942800924836e-03,-1.156955966320481616e-01,1.314084901868883826e-01,2.820535409287511924e-02,1.713012770989142189e-02,-5.415740016397040113e-02,-2.022611102189768584e-01,2.811896714080338588e-01,7.980251017333347408e-01,2.214960956674044967e-01,2.028508011417466117e-01,4.908143896529750250e-01,5.192346517842291176e-01,1.994301482185647026e-02,-2.211328416783976958e-01,-2.097428941154436399e-01,-4.412433412735478067e-01,8.157806557362644317e-02,1.357966389235687465e-01,7.160433927222910333e-02,-3.344301869328232812e-01,2.959944429124001797e-01,-2.767936952355298103e-02,4.890586692982212824e-02,4.101439905373323591e-01,-3.597294207304130853e-01,1.473029477974361068e-01,-1.818486754628706181e-01,-3.715305463878726400e-02,-6.116819249825580784e-02,-1.295563619459079163e-01,5.693256051827401132e-01,2.274032083391350212e-01,5.734940311031040405e-01,-2.444706050053803981e-01,7.343600089778005990e-02,-3.420781955447722150e-02,-1.866268955708417776e-01,4.695016399961742803e-01,3.612999245666193016e-02,-1.514947515652437064e-02,-1.173582230235971774e-01,-1.389092931174209233e-01,-5.718030463091610116e-01,2.165696384712298972e-01,-3.171860358772182198e-01,1.517281895518006185e-01,3.763240981448142536e-02,-1.780980742204249165e-02,1.389515841430800751e-02,-8.579058624028540470e-02,3.364318820826244782e-01,-3.932313219268483984e-01,-6.801255217634662176e-02,1.553330311413593165e-02,6.050955917373887494e-02,-6.200980253068755915e-02,1.021551363914609822e-01,-1.643240692202504183e-01,-9.346404980428925369e-02,-1.826508065344829845e-01,-3.656799044770576157e-01,-1.278881753313978187e-01,-2.050750782879111056e-01,7.268844760576947950e-02
1.502084516733663000e-01,2.462123950772016345e-01,1.913269563210364191e-02,-5.820124395316950139e-02,-1.198022117716613932e-01,1.092813213492047075e-01,-1.029101807938108265e-01,-1.702497488208022935e-01,1.746782659854314856e-01,2.503852939452587065e-02,-1.976918303255611187e-01,-2.512644874821772234e-01,-1.044997091423313235e-01,-8.051905572938336531e-02,-3.446021398246859047e-01,1.793646273900470533e-03,3.954178224975680722e-01,2.713516345842568664e-02,2.979272415005395323e-03,2.715292839446597495e-01,-5.711736373181328791e-02,-1.885892583135752865e-01,2.555214288203323525e-01,6.217044249150818214e-01,-2.159296456293169908e-01,1.002359027846525391e-01,-1.307734940338950158e-01,-4.091751387990412714e-01,-1.073879153532755204e-01,1.287068673652990713e-01,-2.508386101192641715e-01,2.778455457312384302e-02,-5.922826135755678706e-02,-1.750532087966044648e-01,-4.446761322056338450e-01,2.423385055013225764e-01,2.361204084194981900e-01,5.486784328721824172e-02,8.992148972598527912e-03,5.003284381308448214e-01,-1.764299086195011412e-01,2.219008447354977875e-01,2.282061863855219530e-01,-4.072209009806744828e-01,-1.956991800096119158e-02,1.165797131569741574e-01,1.040816188346950499e-01,-1.257936716368593666e-01,-2.779981425143108753e-01,1.549873803476097267e-01,4.761997025415963258e-01,5.609840272937126511e-03,2.096711476778315708e-01,2.916034174366554099e-01,-9.501562019619884392e-02,4.556482851269646472e-01,-3.401280052113179186e-01,7.755455807142836583e-03,-9.609621536249868257e-02,3.513390477871830009e-01,-1.912720958309848118e-01,3.671515845266339895e-01,-3.493668691788051617e-02,3.234868014530624114e-01,-2.088327685706509174e-01,3.807495973687472501e-01,1.181796048112305625e-01,5.458820584651681296e-01,-1.927060340183845144e-01,3.343356019999822459e-01,-1.007519559632289868e-01,-4.182112917629053628e-02,3.969702158580008799e-03,6.133647839639431998e-02,-2.168501349442430726e-01,-8.808689915755683886e-02,-8.547958458874158061e-02,1.158484362326680922e-01,-6.861915746478975536e-03,-6.008190842774042278e-02,5.842710687649719375e-02,2.153318640871990097e-02,-2.687310766174046961e-01,2.384567005156793817e-01,1.880765093222086792e-01,9.800802653872060788e-02,-1.066461119102539573e-01,-2.156990161152053664e-01,6.803158223833041807e-02,-2.328377718986103864e-02,-2.264656758941016035e-01,-2.365914892010503867e-01,8.644443009119279209e-02,3.247957106746542782e-02,-1.383813315434615221e-01,2.647124978304590814e-01,-2.396181636542203952e-01,2.362014672165928530e-01,-1.844354122075536617e-01,2.103155449300217195e-01,-4.860163288055351360e-01,-1.535800949898327716e-01,-2.074451511064419329e-01,2.046533871115204517e-01,6.691263344247025957e-01,-6.754355437759201886e-02,1.812148233469469405e-01,5.458607093022409540e-01,-4.491982835212827707e-01,1.098589668104894002e-01,-4.411548438456529969e-02,1.726993590212833052e-01,-6.861677975520029393e-02,-2.111753987872051208e-01,-3.672061464363232663e-01,-1.037694949504424646e-01,1.879262092370651005e-01,1.828190709197025920e-01,-4.080685924984590596e-01,-3.926014180401803944e-01
9.670375379522279380e-02,-2.810112889037680306e-01,3.330428944727111679e-02,-3.843092856366938648e-01,-7.967809158429525751e-02,1.028038841483050331e-01,-2.126152671506952307e-01,6.002844389830602756e-02,-5.547634325121857390e-01,-2.959517103133794125e-01,1.430955964510956940e-02,-1.472027547905634115e-01,-3.023771519185143308e-01,-1.044477499964762274e-01,7.326801200885928178e-02,2.573013592693388918e-01,1.504968843649775838e-02,-8.477435595170518257e-02,-1.213317736550196257e-01,9.161937423099976441e-02,3.612748014429785770e-01,-6.212494640808153765e-03,1.007102744289213765e-02,2.612513102734438375e-01,-3.812300689637544981e-01,-1.376518853700810230e-01,-1.650985031282637405e-01,-1.683097436880654774e-01,-2.179607810253045286e-01,-2.676172706573160531e-01,-2.272244860860903604e-01,-3.235418107415198863e-01,-8.060572968544664485e-02,-9.109523925855174398e-02,-2.113149891588766149e-01,6.515536792667615817e-02,-2.142065639046903947e-01,2.560508810204918384e-01,3.524715989252574233e-01,9.125301521209223943e-02,-8.866802563600374720e-02,2.178646710991434809e-01,-2.118084993614377243e-01,8.725880522095880165e-02,3.244493776086774806e-01,3.226523186591314513e-02,2.741274103090234338e-01,3.473619659616988820e-01,1.371461895146269816e-01,-5.046994183202087314e-02,-2.131643187739372669e-01,4.142316142905093194e-03,4.650050999620315428e-01,2.456503720679885927e-01,8.821933598912655439e-02,-1.885282896093894156e-01,4.179726802714126555e-01,8.637746623585540462e-02,-1.133832791136584611e-01,1.156727946993103412e-01,-1.442409687577697330e-01,1.520178817520748404e-01,1.550841579415972726e-01,4.954509586069385518e-01,-3.293208356552159710e-01,-4.304693242234867989e-02,-2.891407437946386105e-02,1.086851786899382111e-01,1.604057514723007671e-01,-1.197565872707086754e-01,1.477205530007894563e-01,-1.266834966026706977e-01,-2.232838291420236598e-01,-1.566799352146751034e-01,2.100020829871874495e-01,2.147476200547949465e-01,5.823507921106496621e-02,-1.585813000467350686e-01,7.937731930640018474e-02,9.907468290771766217e-02,-1.748040458617988180e-01,-1.099069670448755698e-01,-3.249615100031674753e-01,-3.579968310977368340e-01,-1.284227089205727257e-01,-3.895431005804204649e-01,-5.017599978483817946e-02,-1.369153624201432939e-01,-3.775674046401097245e-02,3.538737771730801618e-01,3.382874499138666113e-01,-4.248624068482174665e-01,-1.978314185039482809e-02,1.746718805933628327e-01,2.765803387205832409e-01,-2.100608063615263255e-01,-2.752170857260510251e-01,5.486771561604662090e-02,-2.184627520403341072e-01,-3.077120960094923974e-01,-2.128123311655487349e-01,1.918475917284490906e-01,-1.105456699300216700e-01,1.934886872507111943e-01,3.307184059562334744e-02,2.236212959574198633e-01,3.925721203039491680e-01,4.918335185040260682e-01,7.933007079486525948e-02,-5.178451751968596861e-01,2.475241927559853894e-01,4.585809740288495084e-01,1.662829759441850075e-01,5.313113386692348561e-01,2.070584859873930705e-01,-9.300800583640031483e-02,-1.550128468506361233e-02,5.731019448677049377e-02,5.064725209526567407e-02,4.762531576318144166e-01
-9.175037464915208885e-02,-1.638153956888468710e-01,-2.941721382062206236e-01,6.511638920491788496e-02,2.052845962833944604e-01,-1.724040207629785326e-01,8.098620231187603213e-02,2.699831149368426067e-02,-2.565464685432961578e-01,3.234259918275646517e-01,-1.433521496201499434e-01,-6.092558934221666694e-02,-2.104511703909501541e-01,1.754501569777588976e-01,6.922005169383009526e-02,-3.960849022962822930e-01,-1.439584603425522746e-01,-7.588398158781403668e-02,3.332836726261484972e-01,1.814514697059372017e-01,-6.989661835132672529e-02,1.053653922402216642e-01,-2.783499624970022790e-01,-3.650324976505526786e-01,-1.717960993192572949e-01,-5.036739988606478979e-01,-2.171273287712752187e-01,-8.865890789004926553e-02,-3.714103123936449147e-01,2.061959599597976978e-01,-5.755572406727507695e-02,1.841548776646729779e-01,-3.461193269345355095e-01,-1.415051050171054203e-01,2.160526315494312455e-01,1.149839814677747624e-01,-3.976442549237810264e-01,2.091137755256611275e-01,1.221736048698311150e-01,-1.742551857345583655e-01,-3.596644111134910116e-01,1.665880697802228291e-02,4.354568470492034549e-02,3.721269476290396949e-01,-2.305079189188156963e-01,1.583622087486979968e-01,1.563960576595951335e-01,-2.067104931938568146e-01,-1.122510935756531048e-01,1.850950315640689792e-01,7.393499793743965598e-02,4.793160867326843877e-01,-3.473038102009181616e-01,1.902666824427953485e-01,1.414577297572284231e-01,-4.205482999892682927e-01,-3.501531631781337195e-01,2.166383826139340885e-01,-1.197746751171312740e-01,-3.958118184849532956e-02,-6.387229503196673042e-03,-2.183206445459940082e-01,-1.281211796005323478e-01,-2.922632524537043808e-01,-7.384797903019024723e-02,3.975890047192806587e-01,-2.795924011258907327e-01,-5.307483256206021321e-02,-2.093494632202589911e-01,-5.385709592482493431e-03,-2.817524868474702293e-02,-1.454498463537551578e-01,7.780049709697567373e-02,-4.517611480949639269e-01,4.766293905985816842e-02,3.931428260543193970e-02,4.452989159918522427e-02,-1.029157083004213769e-01,1.514838278376949565e-01,2.079649690841718912e-01,-4.221053854492629598e-01,-3.783795102560095769e-01,2.465535732696413906e-02,-1.236514111792282183e-01,2.293886378165308770e-01,-3.566111441243460245e-01,1.871641531526769819e-01,1.307698995645626139e-01,-2.659954160470847095e-01,-3.173719511566476248e-01,-8.774206038864870716e-02,2.740190390678737820e-01,6.494259305720818942e-02,4.198729236095763984e-01,-1.775358019662447440e-01,-1.788891968839970703e-01,-1.095741224758669669e-01,2.178850713358457536e-01,-3.197715272763693717e-01,-1.787066648601616792e-01,4.753686944690840299e-01,-3.545262591666040186e-01,3.603612994399629232e-01,-1.253806256918098792e-02,-1.248539573954385584e-01,6.844107488103176595e-02,1.479203892323561476e-01,-1.222401301594572831e-01,-3.836644612784538277e-01,-8.413722393864532523e-02,1.610540737247086185e-01,-5.740762238743787882e-02,2.258459419392840339e-01,-2.643136968200998638e-01,-5.746639760740952785e-02,-1.587095987501102312e-01,4.060527761651295253e-01,-2.128536595804338960e-01,4.203492326438262872e-01,-2.665949706636787653e-01
1.829739018383465810e-01,3.037987717298260004e-01,1.247697143636294359e-01,2.522477901164621797e-02,1.249134495756253418e-02,7.937462358527587773e-04,1.887013003034519187e-01,-2.600186459601008804e-01,-1.814997102995362099e-01,5.162636177729074821e-02,4.296535878767328009e-01,-2.575931693401907197e-01,2.800293743086562648e-01,5.231438668387456969e-01,-2.992607606561323644e-02,-1.971950803271830810e-01,6.165375197274443331e-02,1.725513665692362530e-01,-5.421727023930736911e-01,-1.063962773859284811e-01,5.604986527232712346e-02,2.887095232013442425e-01,2.336828667463302922e-01,-4.995730285100932755e-01,1.508703884141915363e-01,-3.252901197471766426e-02,9.799596190151457775e-02,-5.238291674540289655e-01,6.258882717289257491e-02,2.901623793136268517e-02,-4.358976456287027429e-02,-4.489026746269619839e-01,2.001293341886309918e-01,-2.464702684572454561e-01,1.654492515250337581e-01,-3.192346582541890632e-01,-2.458971570322861233e-02,-1.663017965456362601e-01,3.512001299170205981e-01,-3.578843971497051024e-01,3.142302597352584215e-01,2.006979445192915990e-01,-1.231369457569604225e-01,-7.626074645227653992e-02,-4.974430056759323454e-02,-2.049617138210136913e-01,-4.029851233926888543e-02,2.834952432008826934e-02,-3.699677160027929346e-01,2.758993134519349133e-01,-1.400331660329289796e-01,-1.221030854141968019e-01,-1.973954779198094922e-01,-4.799900366059190460e-01,-4.149321594182859840e-01,7.668810826288125458e-03,7.780384427108415213e-02,7.999867967311270756e-02,3.441048860972755197e-01,-8.976850230235165762e-02,-2.145708556374215370e-01,8.329520101188793435e-02,3.000715885421554319e-01,-7.263632962307405017e-02,1.044837652665581672e-02,-2.482100323011984522e-01,-5.508636323449451755e-01,-3.487017682850171996e-01,-3.417581333039008129e-01,2.426529708944566155e-01,-4.397114084370707943e-01,-3.387428903783485379e-01,2.531444925938722834e-01,-2.386103334239368379e-01,-2.663083746107362537e-01,-1.969824136026453176e-01,-3.696161270167925283e-01,-1.471956345434569935e-01,1.799964143509286685e-01,4.412496000841804600e-01,7.293867294439812521e-02,4.436347792083123465e-01,-1.347677314980844365e-01,-1.470918685839706086e-02,-7.494747832281267730e-02,-1.496851825662214863e-01,3.097067535479726130e-01,4.486827696908766983e-02,-7.907467541704013558e-02,-1.985680103604358926e-01,-1.812606336282555908e-02,-1.008666234596545808e-01,2.312452567717690477e-01,-1.422305347748555326e-01,3.128310497465485729e-01,-4.135069451613405112e-01,-9.008959275209209305e-02,-1.177150796111737369e-02,-2.668506362405811405e-01,-2.727674094995375942e-01,9.136778162678740878e-02,-2.834158603538974863e-01,-4.204002712655880436e-01,-2.823632644160828931e-01,-5.121905729437816746e-01,2.880655212523686171e-01,5.762554983831955080e-02,-4.857457190033663275e-01,-2.219071073778136338e-01,-1.067992543543863776e-01,2.043927065263622112e-01,-3.383380642250461978e-01,-4.688787231540997302e-01,-2.096706048229055874e-01,4.172142631957135861e-01,2.612004573849681099e-01,3.014478373043401674e-02,-2.238799493856697131e-01,-1.104400037178799865e-01,4.705086873593620211e-01
-2.477575020861890187e-01,5.008135248301544967e-02,-2.300542822201850357e-01,5.303819626545676347e-02,-2.457038169582991816e-01,2.542478434143053967e-01,4.933941354815906538e-03,1.399055436790614670e-01,1.460552096310776538e-01,5.479956202190849890e-02,1.545530298151527038e-01,4.773897324931068720e-02,-7.237185639846521398e-03,-2.930498179679848492e-01,6.051224705376587187e-02,-1.110023743021476689e-01,2.816906771488916772e-01,-2.954067446985120804e-01,-1.236692054708528332e-01,1.416643762378556604e-01,-8.989163847727757450e-02,-1.501798831518838875e-02,1.016664714024416161e-01,-4.482772438555635008e-01,-1.879104383271050782e-01,-4.616587760173908594e-01,1.139571682501669958e-01,3.601538987431734951e-01,-1.384355924337111188e-01,-3.645082580065076017e-01,1.145857873716256137e-01,5.752850194419094620e-01,-2.004151135904263387e-02,-1.145471643895185215e-01,1.872572672334137656e-01,-1.217095022095665002e-01,-8.710713857837658336e-02,3.519114248638056663e-01,4.878489862770876706e-02,-3.473414594266948097e-01,4.787150859164464034e-01,2.654720668316222221e-01,-5.311426403381320771e-01,8.612138799883135853e-02,4.173910319091315296e-03,2.520722684949178172e-01,3.452441500261902996e-01,-7.812403497669294372e-02,4.122817812621039357e-02,-3.884033284501194061e-02,5.433751777580073800e-02,-2.375843590363219404e-01,3.478209623227110359e-01,-5.748552086703154207e-02,-7.245970282407723524e-04,1.802221298475010711e-02,1.440032878379309544e-01,-3.295522630261941699e-01,-8.424413010560842519e-02,9.187320427119771704e-02,-2.368698110562240944e-02,-2.975287697787186159e-01,-6.679523168144434198e-02,1.574645541363162426e-01,-4.521455802521950895e-01,6.137115555307096071e-02,-4.886920156155274801e-03,-4.861876732547778523e-01,1.120322349636868227e-02,3.367873036123178454e-01,-6.592120210814351733e-01,3.641729703077677127e-02,-2.050484861589005614e-01,-5.100808413135350661e-02,1.644034946813547338e-01,7.385850635219406990e-02,1.782869311540193624e-01,5.656728862611681841e-02,5.138471708547492217e-02,-2.560498885079253717e-01,1.605418454734399702e-01,1.305212555641021566e-01,5.639264879490839960e-02,-2.064315310650645385e-01,-2.675218845085545194e-01,2.616096840964020689e-02,-3.133378450247611968e-01,-2.305731125951760996e-01,1.273815730227151610e-01,-2.258226429229770460e-02,-2.328728987498497605e-01,-5.120713641241818326e-02,-1.730157243917882226e-01,3.338103146830568302e-01,1.052825677769127638e-01,4.691207058939215191e-01,5.118736819356674989e-03,-2.471642379266156819e-01,1.250529983020548692e-02,-1.148804758144404969e-01,-2.387514637267479367e-02,6.901927750250208549e-02,-2.417030968598370411e-01,2.639450543967662433e-01,1.135568414478092952e-01,2.827105980463334167e-01,-7.335718677809263677e-02,6.745362679706909392e-02,8.948013009749671010e-02,-2.032513231594532122e-01,-7.961019520456154297e-02,-9.399399224635755778e-02,-2.109077392467772205e-01,-1.070931328883477918e-01,-2.044849367603186474e-01,-2.714436412533616783e-01,-4.113409747152326768e-01,-4.689002661262987037e-01,9.996250621742283626e-02,-1.814339573613956424e-01
-1.712739818881811038e-01,-3.196379928302917617e-01,2.302902234246793564e-02,5.810287712997227322e-02,-4.010381614384243565e-01,1.029286625007459072e-01,-4.929303490384763509e-03,1.364236626070837732e-01,-1.816989543283854258e-01,4.326754970261202926e-01,-3.593009121227472985e-02,-4.487648954608971508e-01,8.343912910398001981e-02,5.170354659887744786e-01,-3.356818418161921502e-01,-2.292523504250670585e-01,3.542248779362849875e-01,-1.616775527045557770e-01,-3.699435922169956870e-01,3.316243523465697285e-01,-2.625901850405452098e-01,-9.469592872230468694e-02,2.622311655262932750e-01,-1.202547642096731401e-01,-6.713762272629111849e-02,-3.373865765265938732e-01,2.180856443046794713e-01,4.189132058239593004e-01,3.056415438861001532e-01,3.442863555365295869e-01,4.737766858306118323e-01,-7.152222305866243537e-03,-1.787266216079722303e-01,-1.076247330959538701e-01,-1.265278430365625872e-01,-3.605633209655361160e-01,-3.765777253854914464e-01,1.931590720661726657e-01,-6.555968337050028794e-01,1.090232844117268451e-01,1.206833070549127723e-01,-6.286559174963270158e-02,-2.367329079471510445e-01,2.715240743749964825e-01,-2.083136308605469666e-01,1.824860758531811622e-01,-1.741881476738003642e-01,1.341549063303939249e-01,3.946557322535826362e-01,-1.129524455445612141e-01,1.493517857685102701e-01,-3.055115375437209013e-01,-1.282797367502364339e-01,-8.193275887536372384e-03,1.907561088631033186e-01,3.024313525732366670e-01,1.420402908991645896e-01,3.446034247911760051e-01,5.567827011255728487e-02,-2.639519336387884940e-01,1.382130915029936569e-01,1.833732035087798085e-01,-1.596320186461997193e-01,-3.917114380680213337e-01,3.542676512060993071e-02,1.840831502269336672e-01,2.481280655137177993e-01,-1.794466163355520547e-02,-2.683652791468548737e-01,-2.496690436224276721e-01,-2.658421579829458592e-01,-1.026463980082079064e-01,-2.247606917486137945e-01,-1.187109207256414889e-01,1.082594505048868269e-03,-1.068912693926369478e-01,2.326785437123921607e-01,1.149911119355920275e-01,-5.338197036879396284e-01,-2.417377446276122999e-01,5.750571578543897146e-03,1.035512265843185290e-03,-2.138497880830263764e-01,-3.822466635171899441e-01,5.762305942486452282e-02,-3.113347427788628607e-01,-4.322735883527560607e-02,5.691191154383164197e-02,1.090047845316661351e-01,-2.066608876895423552e-01,-5.689072733276958616e-01,-6.818392357199791476e-02,4.552037231061820677e-01,-1.453476989435260325e-01,-3.523396849811459841e-01,2.938574520436789128e-01,7.375437031825263223e-02,1.484806676533420855e-01,2.294326830897457647e-01,2.358907644891564404e-01,2.739185540144621345e-01,-4.909823158792911979e-01,5.803011996677874818e-01,3.592303545570779133e-01,1.875482049528147677e-01,-3.777888658276311040e-01,1.124057005435316753e-01,1.777515266743530664e-01,2.675764350782948164e-01,1.042648664072686054e-01,9.880757503239720463e-02,2.457611876234402914e-01,3.025792262238770625e-01,8.226281102865468098e-02,-2.403836490430422135e-01,-4.757092692398767753e-02,-9.703489110032488540e-02,6.529153146221914339e-01,1.070053207965469128e-01,-4.636705674764671770e-01
-2.675957095056566426e-01,-1.210261915644483960e-01,-1.066483047875286250e-01,-2.849932639184727529e-02,-2.949622657429086803e-01,3.034354436236471053e-01,1.433900441888018018e-01,2.308655096927129946e-01,-2.376033532356734701e-01,1.368023456777949787e-01,-1.457058711260917627e-01,3.374156743740729103e-02,-5.696558924749925076e-03,-3.173811308683059940e-01,-3.328673899819215107e-03,-7.149587994706328720e-02,1.487318436375159314e-01,1.821338949907349569e-01,-9.770961310464154614e-02,-3.765153063007687373e-01,-8.314265006923558798e-02,1.261582928490213307e-01,-3.555612193983720415e-01,1.454966650164420949e-01,1.288412747877938080e-01,1.620068650402409771e-01,2.663347562019529116e-02,-1.010203412593577293e-01,-8.547938169809753128e-02,-2.747389968732989393e-02,-2.288331462459136378e-01,3.837184796789091384e-02,6.353783418570224661e-02,2.349216802200994880e-01,-2.902449353699982360e-01,7.417162469925321633e-02,6.852331553353248339e-02,3.141874188789170463e-01,4.584228154111027465e-01,2.029290561453693797e-01,2.581775637618721406e-02,-2.449580603769498655e-01,-1.887952493539877749e-02,-5.528973409927673277e-01,2.145146942739855900e-01,-1.027408646759207234e-01,-1.609608488102300949e-01,7.689834343267887284e-02,8.663083872415087983e-02,6.113183389889155217e-01,-1.519313445412487362e-01,9.437457520400328870e-02,4.096744278106325687e-01,-1.242535067753724326e-01,-4.358567746641246743e-02,2.196778812476163911e-01,2.773545758790066373e-01,-9.573970611063457870e-02,2.767227548100195111e-01,-1.570966531646872388e-01,-4.718357163489116102e-02,1.655153224044847715e-01,-4.880135643654451849e-01,-2.921479301145940566e-01,-2.286358262619432591e-02,-1.187969676334154345e-01,1.626430292624287954e-01,3.468068797843702478e-01,2.396431022515726761e-01,1.988556347783063949e-01,-1.300849664158053587e-01,-1.630120974815484347e-01,4.368403158845640677e-01,-7.910966284430413775e-02,-5.768439697819473244e-02,1.805011638133408036e-01,2.858349805777111174e-01,-1.493957996823346845e-01,-9.791352477803356991e-02,-2.782192313769430436e-01,3.766576466486203367e-01,-1.585506527272395605e-01,-2.926562001360453746e-01,-4.239306882000418719e-01,6.103853198360322668e-02,-6.568920777055887728e-01,-2.827149016181899621e-01,-3.605878207035698169e-01,1.658870446172569790e-01,-6.965738174482067890e-01,-7.721914264508060455e-02,1.449820567645002389e-01,-1.043628637851979901e-01,3.793055974070798017e-03,-6.560934729135748933e-01,-2.478514294323449010e-02,2.588431661696954933e-01,8.769348609941041151e-02,-3.040375831064343060e-01,2.566095626248223738e-01,4.812839061545650526e-02,-4.712583506741415684e-01,-1.855205320402230351e-01,-7.951676324001778762e-02,1.718254986744646162e-01,2.794291825583222755e-01,2.650945354551902944e-01,1.759412373082578154e-02,-1.501052598243360348e-01,-2.085606982956728084e-02,7.211084073144058415e-01,1.344289674133589407e-01,-8.302185794903414739e-02,2.592592066982446486e-01,-4.115184147728829234e-01,1.029244413867852438e-03,1.315121256836424002e-01,-1.881682627669231389e-01,-1.103583413172736366e-01,-1.374284871163998327e-02
1.288092606278484209e-01,2.427209598299699123e-01,-7.886598597088207985e-01,-2.374477912709868077e-01,-7.887580481266519283e-02,3.528982180556129444e-01,3.689883747242509449e-01,-2.068751363467625781e-01,2.543743767329577077e-01,-4.489162829199331850e-01,-1.340242555371121413e-01,3.999973923489439920e-01,1.945241880699300763e-01,5.438668948219388399e-01,-2.792615209704436552e-01,-5.256120868157643233e-02,-2.043410272432009608e-02,-1.972082617924712233e-01,4.096580177894808550e-01,1.108035723279121726e-01,-1.474927532009616127e-01,-3.540986844275378354e-01,-2.169677175678926817e-01,-2.817607337197209488e-02,2.522492827208914212e-01,1.840306208849431802e-01,3.460924174579464996e-01,6.083793882490884375e-02,-2.224889457996433728e-01,-5.304727307413517057e-01,-1.974358395936515534e-02,-1.030621860015502045e-01,-4.437604663673659633e-02,-8.813381608149091495e-02,-5.053572550316463019e-01,-3.877871527265112084e-01,1.467862381168524855e-01,2.076614579251286619e-01,-4.973718344040974904e-01,3.301891720517974999e-02,-1.434706683822646600e-01,-6.814760341111242292e-02,9.260102421677710027e-02,1.312750564765753081e-01,-5.652425665651680253e-01,-8.170466631191117823e-01,-8.202069230182275350e-02,2.730345370697477847e-01,5.134801827274740882e-01,4.958905526024922628e-01,1.576316465456369664e-01,9.182939795354862211e-02,-1.465056374957495189e-01,-3.783701431227979861e-01,2.914036085863929149e-01,4.127460849609491667e-01,-2.083111289504833430e-01,-2.056616496729930244e-01,2.336905414111268842e-01,-1.190540952269319580e-01,5.093085073399700874e-02,-3.253523945213023794e-01,-3.238860967511835720e-01,-4.481451504901060590e-01,-2.857375382626806126e-01,2.965977055788716066e-01,2.136294025054905066e-01,4.589423732512877274e-01,-3.713859576995706124e-01,-3.392013541910043894e-02,-3.838340786427563156e-01,2.917068863968023673e-01,-1.018763052183072337e-01,-4.194594252626818731e-01,-6.798004695272939768e-02,-3.366798539382787059e-01,-2.759210908274393748e-01,-7.984074791226204726e-02,1.841455017530599092e-01,1.438962676425261378e-01,1.013977838735321060e-02,-2.602089044405362372e-01,3.126413923724684178e-03,-1.542103929965739362e-01,2.185576922757049290e-01,-2.112133786620795373e-01,4.976230637217493591e-02,3.869738171399756399e-01,4.039760507014034108e-02,-7.849331992878823619e-03,-1.634215940449011972e-01,7.863211766785552226e-02,-1.678262745480464391e-01,-2.227749872585316759e-01,-5.935448136568523270e-02,-2.375352362861647415e-01,2.080997635157410403e-02,3.657649789926212258e-02,-2.082508641343360500e-01,1.717708709246890120e-01,5.640601444319168212e-02,-4.235876420548873034e-01,3.661333965057211870e-01,1.328018296565226797e-01,-3.567651923814892378e-01,-3.433443599557731152e-01,-3.790878071850350972e-01,8.069882526437642534e-02,5.606583423695035151e-01,4.613271920869636833e-02,-3.689014919638527318e-02,-2.604552195631611444e-01,1.419096561716421123e-01,7.869640967625881126e-03,1.606425860562176455e-01,2.357350573781381575e-01,-3.971869579631529534e-01,1.555502228431006329e-01,-5.887729760759262410e-02,-6.028079698508356787e-02
1.788435080186817072e-01,-7.624802922754874146e-01,-3.965820242195812195e-01,-2.746729093300749880e-01,3.396894624175835764e-01,1.008535867570255207e-02,-5.211380670064497816e-02,1.022724879943430476e-01,1.164645865955800802e-01,3.409570858208406108e-01,7.809448760117898569e-02,-1.292690816982184632e-01,4.942794308311548868e-02,6.559553295045433829e-02,1.198975986286926199e-01,-3.732098508614480892e-01,1.697303370337383821e-01,2.196303196562462701e-01,-1.669427059278075776e-01,-5.319713650843803654e-01,-1.179587939578189831e-01,1.068844960601252059e-01,-3.390210161231260177e-01,2.085288788451635997e-02,4.335363283163858050e-02,8.435037489195239269e-03,4.685159604149169432e-02,1.298045488904256139e-01,-2.467774480305272855e-01,1.577996277016464888e-01,-2.358192614461094294e-01,1.754090421494888252e-01,-9.854735755891722015e-02,-9.591140129719604585e-03,-1.673772415781826228e-01,-3.299855723368909644e-01,-1.912366775527730989e-01,-1.090871036737193212e-01,4.879157087537864812e-01,-2.292568450563064186e-01,-3.867627784674020353e-01,-4.560258007381946116e-02,-1.243763512295564949e-01,4.976132495518231780e-02,1.057235208280710437e-01,2.526773375784543418e-01,-4.699753820220414074e-02,-2.730249823194966785e-01,2.660799417332908035e-01,-1.214404967748851094e-01,2.674895108470867200e-01,5.834474638660814838e-01,1.353689519379711048e-01,2.460967986864585622e-01,-2.023328411091795606e-02,3.499978808376504880e-01,-3.451725777382966265e-01,7.214198930181434273e-03,2.479409258260734938e-01,-2.883005204666383436e-01,1.345571889200415650e-01,-2.671989995399512985e-01,2.180614402194911913e-02,-3.165665651375752510e-01,9.738033224028189161e-02,2.082072636267874588e-01,2.085729228951465342e-01,-3.664123917140380687e-02,2.099014190881801634e-01,-1.214898129828451689e-01,4.105438975834728721e-01,9.939696136967243745e-02,-4.870115802716894898e-02,6.507250454985541444e-01,-1.111624831755147619e-01,3.596109532306734358e-01,-8.606156067872502979e-02,1.112688134495819353e-01,2.664544391263464762e-01,1.861333297827263422e-01,6.667273909543681987e-02,2.564186709894803601e-02,4.001283841623257120e-01,-4.008515169689948893e-02,6.731545481783644813e-02,1.304058089749041138e-01,-2.156372635587003872e-01,-2.605609040905056406e-01,-4.878363456921224611e-02,3.149060615864046064e-01,1.089299314477595454e-01,-1.767826383726906481e-01,2.121253071328161877e-01,-2.782567149058371436e-01,-3.137469571666869350e-01,8.937562162889976704e-04,-2.995123421697922228e-01,3.951510020455361039e-01,1.790653955910673223e-01,-2.052185008640043384e-01,5.624510113342943152e-01,-2.441658990902526721e-02,2.431456242064066464e-01,-3.105326282456200362e-02,1.284847045612807770e-01,-1.400586129951819914e-01,2.373031695787410633e-01,6.235707618781649586e-01,4.331125384187425181e-02,-2.556248376892354401e-01,-2.150805319094032941e-01,8.004508402134800915e-02,2.401544209813990527e-01,3.789799555941762432e-01,3.487112818054517449e-01,-3.617592145081431343e-01,-2.300117000451225580e-01,3.401630939182824775e-01,-1.031104664152894257e-01,-2.224065311259275368e-01
-2.308002259349095364e-01,-2.535338179181571006e-01,-7.828236663540433238e-02,-3.024494544099198268e-01,8.821913593131178177e-02,-9.376112227174279723e-02,-1.723883464635392604e-01,-2.706274975727742671e-01,-4.152863310155217591e-01,-2.012385935971806317e-01,1.328210271620539618e-01,2.443582756676429824e-01,-2.081854617307224709e-01,-6.340432127224929215e-02,1.195311954703751900e-01,2.428207175656706684e-01,-1.586103569620257725e-01,1.195861254597649533e-02,-4.125648772342585535e-02,-7.600474123938136262e-02,2.653446669719669582e-02,-2.409977506431388583e-01,-2.146509458211668109e-01,-1.129238812797802166e-01,-7.333214057327350210e-02,1.119872658104472257e-01,-5.767976868079306013e-02,2.226947265833237877e-01,-2.939622195540876337e-01,-1.649600149668265237e-01,-3.037861892414460141e-01,3.025371107618509553e-02,7.521840401647904295e-03,-1.714703344346195715e-02,-2.429098707333868234e-02,-2.262247263608251346e-01,-4.727109860864479873e-02,-3.156297419426944972e-01,6.314240230100431894e-01,-1.214571285243088578e-01,-4.454381072611176412e-02,7.626656435829291814e-02,-4.779480873382445372e-02,-1.020118689871762560e-02,-1.926631165826420133e-01,2.540777551638013776e-01,-2.456821829160159842e-01,1.660355369135911030e-01,3.015247683467859319e-01,-1.462656176011523090e-01,-4.428983452817094602e-01,2.876938840328828184e-01,-5.797442324267165076e-02,5.470651937090042355e-02,-2.655886348544197473e-01,-3.398752554980472573e-01,-3.711381188880337190e-01,8.511714066129592859e-02,3.673355218639103303e-01,-1.056732900194132935e-01,-2.818735057234378893e-01,-2.149950991534010925e-01,-7.651036604392848217e-02,3.939048506131558325e-01,3.313793865157199647e-01,-2.074731512927117105e-01,3.210784154546237890e-01,-2.629187634439528742e-01,-5.569623009337392600e-02,1.883038330144658767e-01,3.733083508459087985e-01,3.963743274834264918e-01,2.071534642074696064e-01,-2.140654737909931105e-01,1.105102950500588960e-01,-2.198725286187454830e-01,-1.181542533500970493e-01,1.428733287830740439e-01,1.775442106175563195e-01,6.671216140274137396e-02,-1.355287588210846716e-01,-1.354526610989632007e-01,1.349734167943203444e-02,1.233420949403142286e-01,-4.404784250004477597e-01,5.418231175344809802e-01,2.812888410067700129e-02,7.031134802168472787e-03,9.131631590627587933e-03,-1.780615662424004514e-02,2.862838175908711813e-01,4.424376913813724554e-01,-4.654592451799038910e-02,3.486643326355736705e-01,-1.248610397839649971e-01,-1.940383685550152448e-01,1.649981459972249542e-01,-2.322618934395035417e-01,-2.209977957142338634e-01,2.510757848065653941e-01,-3.112126304897597576e-02,-1.210195991738309829e-01,-1.235358953688956568e-01,2.575194970195411881e-01,-1.590367719014220971e-01,-3.262964950276968368e-02,-4.476696055709551703e-02,2.181655046675445297e-01,-2.568002150886798396e-01,4.840344362973864056e-01,3.510482205298295216e-02,8.933596610650929026e-02,2.431182996355772674e-02,2.338933139002789541e-01,-2.279416371417643250e-02,-1.808854061012333259e-01,-1.696087262449423594e-01,1.416468940078962901e-01,6.840817908809161685e-02,4.535366606261285738e-01
-5.724435172927593712e-02,1.073215853732098352e-01,-6.317142273985316969e-02,-2.093016251355024060e-01,3.451589166057498770e-01,3.285871651289750117e-01,2.240304045638592464e-02,-2.480493670787826122e-01,4.802899355250947466e-02,-1.456965006790964801e-01,-7.299851384351707662e-02,4.930517350076757954e-01,-5.784165245742587530e-02,1.460396989669012491e-01,5.046860445896357295e-01,-3.988820087342945936e-02,2.059654348268441168e-02,3.665794985268538975e-01,-2.755608893994834774e-01,3.001027616520598462e-01,3.111075814108331117e-01,-4.519859733516620182e-01,1.338762442771320726e-01,5.252624892773781473e-02,5.498768723385138307e-02,-3.699194380656740250e-02,-3.745028266621927004e-01,-2.490908541036186141e-01,4.907642296441053903e-02,-1.231774221598648522e-01,-7.688062209166317273e-02,1.450317111570583080e-02,-1.174051927159912578e-01,-1.042706685955857443e-01,-1.763001841006726633e-01,-1.466184480971355168e-02,1.897302034059749343e-01,-1.136393555155501001e-01,-7.316328511609393459e-02,-4.409434085976178808e-01,1.063752212062641367e-01,-5.141895962321699903e-02,2.729573149379421193e-01,-4.149454534358134605e-01,-3.018644554188748552e-01,2.149574028270528625e-01,-4.242567881095580806e-01,-9.367748480861490257e-02,4.032393544063842677e-02,-2.491495743218238301e-01,1.880511092295482356e-01,1.025084989602238345e-01,4.359792552634755292e-01,2.018932775282794856e-01,-1.707194897743028739e-01,1.388646788913007468e-01,6.918363344778971288e-03,8.930260109585279604e-01,5.427629235772741395e-02,-9.169324548828350352e-02,2.795389497158714542e-01,1.131912716887686354e-01,-3.612090293267729013e-01,1.629120232961881187e-01,-3.349069240569383377e-01,4.662757300485759759e-01,-8.088637215624504273e-02,7.729240429052154637e-02,-1.518317377163883215e-02,3.714726965342839970e-01,-2.210896097571121433e-01,-3.057601916316580182e-01,-2.782182577731138196e-01,-6.764040737174061187e-04,-2.274330356590968660e-01,1.218776261358318347e-01,7.194885340333789792e-02,2.079037070202739701e-01,-1.593225676043120986e-02,-5.568537840247726745e-02,-2.105362384000873111e-01,3.350245130037862729e-01,1.791016719437697191e-01,-7.922446735932892059e-02,2.591364632462361262e-01,5.260361231184914471e-02,-7.894198181165994199e-02,-4.833247736560763452e-01,5.868860440141373536e-01,3.236812747879380670e-01,-1.691496490980612943e-01,-4.523587276118352235e-02,-1.590184087237215549e-01,-4.245838953567664803e-02,-6.059441648834448108e-02,3.230728413324299164e-01,-2.155925476969133281e-01,2.159367834001635622e-01,1.287407136452228262e-01,-1.816436226547999411e-01,2.857257277750051561e-01,1.534256515450155289e-02,-3.478369916596362743e-01,-1.281874378848867346e-01,-2.849019649244218244e-01,-9.543796452222312598e-02,1.019709295673482535e-01,-2.326655885260687784e-01,-6.986738958474084105e-02,-1.664046963829446113e-01,3.439102370381025980e-02,-4.772268915343728657e-01,-3.704516528414560916e-01,4.061466215738177565e-01,-5.202437385257178276e-02,4.375026750614079835e-02,-1.755967933468950415e-01,2.057502427977433712e-01,-5.072476775163744511e-01,-1.066303670519979652e-01
